п»ҝ"File","Line","Type","Value","Content"
"PROJE_RAPOR.txt","80","Percentage","49.9","#   label_1 ГўвҖ вҖҷ DГғВјГ…ЕёГғВјГ…Её: 711 (%49.9) | YГғВјkseliГ…Её: 713 (%50.1)"
"PROJE_RAPOR.txt","80","Percentage","50.1","#   label_1 ГўвҖ вҖҷ DГғВјГ…ЕёГғВјГ…Её: 711 (%49.9) | YГғВјkseliГ…Её: 713 (%50.1)"
"PROJE_RAPOR.txt","81","Percentage","45.5","#   label_3 ГўвҖ вҖҷ DГғВјГ…ЕёГғВјГ…Её: 647 (%45.5) | YГғВјkseliГ…Её: 775 (%54.5)"
"PROJE_RAPOR.txt","81","Percentage","54.5","#   label_3 ГўвҖ вҖҷ DГғВјГ…ЕёГғВјГ…Её: 647 (%45.5) | YГғВјkseliГ…Её: 775 (%54.5)"
"PROJE_RAPOR.txt","82","Percentage","44.4","#   label_5 ГўвҖ вҖҷ DГғВјГ…ЕёГғВјГ…Её: 630 (%44.4) | YГғВјkseliГ…Её: 790 (%55.6)"
"PROJE_RAPOR.txt","82","Percentage","55.6","#   label_5 ГўвҖ вҖҷ DГғВјГ…ЕёГғВјГ…Её: 630 (%44.4) | YГғВјkseliГ…Её: 790 (%55.6)"
"PROJE_RAPOR.txt","138","Percentage","51.34","#   Ortalama: %51.34"
"PROJE_RAPOR.txt","139","Percentage","54.76","#   En iyi: Input=6, Output=3 ГўвҖ вҖҷ %54.76"
"PROJE_RAPOR.txt","140","Percentage","48.33","#   En kГғВ¶tГғВј: Input=4, Output=3 ГўвҖ вҖҷ %48.33"
"PROJE_RAPOR.txt","142","Percentage","49.83","#   Eski (2018-2022): Ort %49.83 | Makale: %67.57"
"PROJE_RAPOR.txt","142","Percentage","67.57","#   Eski (2018-2022): Ort %49.83 | Makale: %67.57"
"PROJE_RAPOR.txt","143","Percentage","51.34","#   GГғВјncel (2018-2026): Ort %51.34"
"PROJE_RAPOR.txt","151","Float","0.5016","#    2       1       3      0.5016"
"PROJE_RAPOR.txt","152","Float","0.5248","#    2       3       1      0.5248"
"PROJE_RAPOR.txt","153","Float","0.5183","#    2       5       1      0.5183"
"PROJE_RAPOR.txt","154","Float","0.4984","#    4       1       3      0.4984"
"PROJE_RAPOR.txt","155","Float","0.4833","#    4       3       1      0.4833"
"PROJE_RAPOR.txt","156","Float","0.4950","#    4       5       1      0.4950"
"PROJE_RAPOR.txt","157","Float","0.5115","#    6       1       3      0.5115"
"PROJE_RAPOR.txt","158","Float","0.5476","#    6       3       1      0.5476"
"PROJE_RAPOR.txt","159","Float","0.5282","#    6       5       1      0.5282"
"PROJE_RAPOR.txt","164","Percentage","50.54","#     hist_tech:  %50.54"
"PROJE_RAPOR.txt","165","Percentage","50.52","#     technical:  %50.52"
"PROJE_RAPOR.txt","166","Percentage","49.66","#     historical: %49.66"
"PROJE_RAPOR.txt","167","Percentage","50.71","#     closing:    %50.71"
"PROJE_RAPOR.txt","170","Percentage","57.56","#     hist_tech In=4 Out=3 ГўвҖ вҖҷ %57.56 (SD=0.019, Spec=0.60)"
"PROJE_RAPOR.txt","170","Float","0.019","#     hist_tech In=4 Out=3 ГўвҖ вҖҷ %57.56 (SD=0.019, Spec=0.60)"
"PROJE_RAPOR.txt","170","Float","0.60","#     hist_tech In=4 Out=3 ГўвҖ вҖҷ %57.56 (SD=0.019, Spec=0.60)"
"PROJE_RAPOR.txt","171","Percentage","54.73","#     historical In=6 Out=5 ГўвҖ вҖҷ %54.73 (SD=0.014, Spec=0.89)"
"PROJE_RAPOR.txt","171","Float","0.014","#     historical In=6 Out=5 ГўвҖ вҖҷ %54.73 (SD=0.014, Spec=0.89)"
"PROJE_RAPOR.txt","171","Float","0.89","#     historical In=6 Out=5 ГўвҖ вҖҷ %54.73 (SD=0.014, Spec=0.89)"
"PROJE_RAPOR.txt","189","Percentage","49.28","#     hist_tech:  %49.28"
"PROJE_RAPOR.txt","190","Percentage","49.55","#     technical:  %49.55"
"PROJE_RAPOR.txt","191","Percentage","49.56","#     historical: %49.56"
"PROJE_RAPOR.txt","192","Percentage","48.98","#     closing:    %48.98"
"PROJE_RAPOR.txt","195","Percentage","53.97","#     hist_tech In=2 Out=3 ГўвҖ вҖҷ %53.97 (SD=0.012, Spec=0.33)"
"PROJE_RAPOR.txt","195","Float","0.012","#     hist_tech In=2 Out=3 ГўвҖ вҖҷ %53.97 (SD=0.012, Spec=0.33)"
"PROJE_RAPOR.txt","195","Float","0.33","#     hist_tech In=2 Out=3 ГўвҖ вҖҷ %53.97 (SD=0.012, Spec=0.33)"
"PROJE_RAPOR.txt","196","Percentage","53.51","#     hist_tech In=2 Out=1 ГўвҖ вҖҷ %53.51 (SD=0.025, Spec=0.61)"
"PROJE_RAPOR.txt","196","Float","0.025","#     hist_tech In=2 Out=1 ГўвҖ вҖҷ %53.51 (SD=0.025, Spec=0.61)"
"PROJE_RAPOR.txt","196","Float","0.61","#     hist_tech In=2 Out=1 ГўвҖ вҖҷ %53.51 (SD=0.025, Spec=0.61)"
"PROJE_RAPOR.txt","212","Percentage","53.11","#   Output=1: %53.11"
"PROJE_RAPOR.txt","213","Percentage","73.93","#   Output=3: %73.93"
"PROJE_RAPOR.txt","214","Percentage","79.73","#   Output=5: %79.73"
"PROJE_RAPOR.txt","217","Percentage","48.1","#     Out=1: %48.1 ГўвҖ вҖҷ %53.1 (daha dengeli veri)"
"PROJE_RAPOR.txt","217","Percentage","53.1","#     Out=1: %48.1 ГўвҖ вҖҷ %53.1 (daha dengeli veri)"
"PROJE_RAPOR.txt","218","Percentage","74.0","#     Out=3: %74.0 ГўвҖ вҖҷ %73.9 (benzer)"
"PROJE_RAPOR.txt","218","Percentage","73.9","#     Out=3: %74.0 ГўвҖ вҖҷ %73.9 (benzer)"
"PROJE_RAPOR.txt","219","Percentage","81.6","#     Out=5: %81.6 ГўвҖ вҖҷ %79.7 (benzer)"
"PROJE_RAPOR.txt","219","Percentage","79.7","#     Out=5: %81.6 ГўвҖ вҖҷ %79.7 (benzer)"
"PROJE_RAPOR.txt","227","Percentage","49.83","# ARIMA ort     | %49.83    | %51.34    | +1.51  ГўвҖ вҖҳ"
"PROJE_RAPOR.txt","227","Percentage","51.34","# ARIMA ort     | %49.83    | %51.34    | +1.51  ГўвҖ вҖҳ"
"PROJE_RAPOR.txt","228","Percentage","55.83","# LSTM tech ort | %55.83    | %50.52    | -5.31  ГўвҖ вҖң"
"PROJE_RAPOR.txt","228","Percentage","50.52","# LSTM tech ort | %55.83    | %50.52    | -5.31  ГўвҖ вҖң"
"PROJE_RAPOR.txt","229","Percentage","56.79","# CNN tech ort  | %56.79    | %49.55    | -7.24  ГўвҖ вҖң"
"PROJE_RAPOR.txt","229","Percentage","49.55","# CNN tech ort  | %56.79    | %49.55    | -7.24  ГўвҖ вҖң"
"PROJE_RAPOR.txt","230","Percentage","48.09","# Naive Out=1   | %48.09    | %53.11    | +5.02  ГўвҖ вҖҳ"
"PROJE_RAPOR.txt","230","Percentage","53.11","# Naive Out=1   | %48.09    | %53.11    | +5.02  ГўвҖ вҖҳ"
"PROJE_RAPOR.txt","231","Percentage","81.56","# Naive Out=5   | %81.56    | %79.73    | -1.83  ГўвҖ вҖң"
"PROJE_RAPOR.txt","231","Percentage","79.73","# Naive Out=5   | %81.56    | %79.73    | -1.83  ГўвҖ вҖң"
"PROJE_RAPOR.txt","247","Percentage","96.97","#   ARIMA: ~%97-100 (8/9 konfigГғВјrasyonda %100, bir %96.97)"
"PROJE_RAPOR.txt","260","Percentage","57.58","#     AralГ„Вұk: %57.58 - %80.65"
"PROJE_RAPOR.txt","260","Percentage","80.65","#     AralГ„Вұk: %57.58 - %80.65"
"PROJE_RAPOR.txt","261","Percentage","80.65","#     En iyi: Output=5 ГўвҖ вҖҷ %80.65 (In=2 ve In=6, Best_d=0/1)"
"PROJE_RAPOR.txt","262","Percentage","57.58","#     En kГғВ¶tГғВј: In=4, Out=3 ГўвҖ вҖҷ %57.58"
"PROJE_RAPOR.txt","265","Percentage","68.89","#     En iyi non-MC: full, In=2, Out=5 ГўвҖ вҖҷ %68.89 (Spec=0.667)"
"PROJE_RAPOR.txt","265","Float","0.667","#     En iyi non-MC: full, In=2, Out=5 ГўвҖ вҖҷ %68.89 (Spec=0.667)"
"PROJE_RAPOR.txt","266","Percentage","66.67","#     full, In=4, Out=5 ГўвҖ вҖҷ %66.67 (Spec=0.6)"
"PROJE_RAPOR.txt","270","Percentage","75.56","#     En iyi non-MC: technical, In=4, Out=3 ГўвҖ вҖҷ %75.56 (Spec=0.625)"
"PROJE_RAPOR.txt","270","Float","0.625","#     En iyi non-MC: technical, In=4, Out=3 ГўвҖ вҖҷ %75.56 (Spec=0.625)"
"PROJE_RAPOR.txt","273","Percentage","60.00","#   Naive: Out=1: %60.00 | Out=3: %84.85 | Out=5: %90.32"
"PROJE_RAPOR.txt","273","Percentage","84.85","#   Naive: Out=1: %60.00 | Out=3: %84.85 | Out=5: %90.32"
"PROJE_RAPOR.txt","273","Percentage","90.32","#   Naive: Out=1: %60.00 | Out=3: %84.85 | Out=5: %90.32"
"PROJE_RAPOR.txt","281","Percentage","71.43","#       Out=1: %71.43 | Out=3: %78.79 | Out=5: %80.65"
"PROJE_RAPOR.txt","281","Percentage","78.79","#       Out=1: %71.43 | Out=3: %78.79 | Out=5: %80.65"
"PROJE_RAPOR.txt","281","Percentage","80.65","#       Out=1: %71.43 | Out=3: %78.79 | Out=5: %80.65"
"PROJE_RAPOR.txt","285","Percentage","80.21","#     full, In=2, Out=3 ГўвҖ вҖҷ %80.21 (Spec=0.857) ГўвҖ Вҗ GERГғвҖЎEK ГғвҖ“Г„ВһRENME!"
"PROJE_RAPOR.txt","285","Float","0.857","#     full, In=2, Out=3 ГўвҖ вҖҷ %80.21 (Spec=0.857) ГўвҖ Вҗ GERГғвҖЎEK ГғвҖ“Г„ВһRENME!"
"PROJE_RAPOR.txt","286","Percentage","84.38","#       Seed_23: 84.38% | Seed_27: 71.88% | Seed_98: 84.38%"
"PROJE_RAPOR.txt","286","Percentage","71.88","#       Seed_23: 84.38% | Seed_27: 71.88% | Seed_98: 84.38%"
"PROJE_RAPOR.txt","286","Percentage","84.38","#       Seed_23: 84.38% | Seed_27: 71.88% | Seed_98: 84.38%"
"PROJE_RAPOR.txt","291","Percentage","80.21","#     ГғвҖ“NEMLГ„В°: AMZ LSTM %80.21 (Out=3) > Naive %78.79 (Out=3)"
"PROJE_RAPOR.txt","291","Percentage","78.79","#     ГғвҖ“NEMLГ„В°: AMZ LSTM %80.21 (Out=3) > Naive %78.79 (Out=3)"
"PROJE_RAPOR.txt","295","Percentage","74.36","#     En iyi non-MC: closing, In=6, Out=5 ГўвҖ вҖҷ %74.36 (Spec=0.333)"
"PROJE_RAPOR.txt","295","Float","0.333","#     En iyi non-MC: closing, In=6, Out=5 ГўвҖ вҖҷ %74.36 (Spec=0.333)"
"PROJE_RAPOR.txt","296","Percentage","73.81","#     technical, In=4, Out=5 ГўвҖ вҖҷ %73.81 (Spec=0.167)"
"PROJE_RAPOR.txt","296","Float","0.167","#     technical, In=4, Out=5 ГўвҖ вҖҷ %73.81 (Spec=0.167)"
"PROJE_RAPOR.txt","299","Percentage","60.00","#   Naive: Out=1: %60.00 | Out=3: %78.79 | Out=5: %83.87"
"PROJE_RAPOR.txt","299","Percentage","78.79","#   Naive: Out=1: %60.00 | Out=3: %78.79 | Out=5: %83.87"
"PROJE_RAPOR.txt","299","Percentage","83.87","#   Naive: Out=1: %60.00 | Out=3: %78.79 | Out=5: %83.87"
"PROJE_RAPOR.txt","313","Percentage","69.23","# ARIMA max   | %69.23   | %80.65   | +11.42  ГўвҖ вҖҳ"
"PROJE_RAPOR.txt","313","Percentage","80.65","# ARIMA max   | %69.23   | %80.65   | +11.42  ГўвҖ вҖҳ"
"PROJE_RAPOR.txt","314","Percentage","73.5","# LSTM max    | %73.5    | %68.89   | -4.61  ГўвҖ вҖң"
"PROJE_RAPOR.txt","314","Percentage","68.89","# LSTM max    | %73.5    | %68.89   | -4.61  ГўвҖ вҖң"
"PROJE_RAPOR.txt","315","Percentage","73.5","# CNN max     | %73.5    | %75.56   | +2.06  ГўвҖ вҖҳ"
"PROJE_RAPOR.txt","315","Percentage","75.56","# CNN max     | %73.5    | %75.56   | +2.06  ГўвҖ вҖҳ"
"PROJE_RAPOR.txt","316","Percentage","89.2","# Naive max   | %89.2    | %90.32   | +1.12  ГўвҖ вҖҳ"
"PROJE_RAPOR.txt","316","Percentage","90.32","# Naive max   | %89.2    | %90.32   | +1.12  ГўвҖ вҖҳ"
"PROJE_RAPOR.txt","323","Percentage","81.08","# ARIMA max   | %81.08   | %80.65   | -0.43  ГўвҖ вҖң"
"PROJE_RAPOR.txt","323","Percentage","80.65","# ARIMA max   | %81.08   | %80.65   | -0.43  ГўвҖ вҖң"
"PROJE_RAPOR.txt","323","Float","0.43","# ARIMA max   | %81.08   | %80.65   | -0.43  ГўвҖ вҖң"
"PROJE_RAPOR.txt","324","Percentage","80.6","# LSTM max*   | %80.6*   | %80.21   | ~0     ГўвҖ°ЛҶ"
"PROJE_RAPOR.txt","324","Percentage","80.21","# LSTM max*   | %80.6*   | %80.21   | ~0     ГўвҖ°ЛҶ"
"PROJE_RAPOR.txt","325","Percentage","80.6","# CNN max*    | %80.6*   | %74.36   | -6.24  ГўвҖ вҖң"
"PROJE_RAPOR.txt","325","Percentage","74.36","# CNN max*    | %80.6*   | %74.36   | -6.24  ГўвҖ вҖң"
"PROJE_RAPOR.txt","326","Percentage","86.5","# Naive max   | %86.5    | %83.87   | -2.63  ГўвҖ вҖң"
"PROJE_RAPOR.txt","326","Percentage","83.87","# Naive max   | %86.5    | %83.87   | -2.63  ГўвҖ вҖң"
"PROJE_RAPOR.txt","331","Percentage","80.21","# GГғВјncel AMZ LSTM %80.21 ГўвҖ вҖҷ Spec=0.857 ГўвҖ вҖҷ GERГғвҖЎEK ГғвҖ“Г„ВһRENME"
"PROJE_RAPOR.txt","331","Float","0.857","# GГғВјncel AMZ LSTM %80.21 ГўвҖ вҖҷ Spec=0.857 ГўвҖ вҖҷ GERГғвҖЎEK ГғвҖ“Г„ВһRENME"
"PROJE_RAPOR.txt","395","Percentage","49.83","#   ARIMA: %49.83 ГўвҖ вҖҷ %51.34 (stabil, zaten ~%50)"
"PROJE_RAPOR.txt","395","Percentage","51.34","#   ARIMA: %49.83 ГўвҖ вҖҷ %51.34 (stabil, zaten ~%50)"
"PROJE_RAPOR.txt","396","Percentage","55.83","#   LSTM tech: %55.83 ГўвҖ вҖҷ %50.52 (-5.31 dГғВјГ…ЕёГғВјГ…Её)"
"PROJE_RAPOR.txt","396","Percentage","50.52","#   LSTM tech: %55.83 ГўвҖ вҖҷ %50.52 (-5.31 dГғВјГ…ЕёГғВјГ…Её)"
"PROJE_RAPOR.txt","397","Percentage","56.79","#   CNN tech: %56.79 ГўвҖ вҖҷ %49.55 (-7.24 dГғВјГ…ЕёГғВјГ…Её)"
"PROJE_RAPOR.txt","397","Percentage","49.55","#   CNN tech: %56.79 ГўвҖ вҖҷ %49.55 (-7.24 dГғВјГ…ЕёГғВјГ…Её)"
"PROJE_RAPOR.txt","399","Percentage","67.57","#   Makale (NASDAQ100) ARIMA: %67.57 ГўвӮ¬вҖқ geliГ…ЕёmiГ…Её piyasa avantajГ„Вұ"
"PROJE_RAPOR.txt","400","Percentage","80.65","#   Emeklilik ARIMA yГғВјksek: %80.65 (haftalГ„Вұk veri etkisi)"
"PROJE_RAPOR.txt","416","Percentage","80.21","#   AMZ LSTM %80.21 > Naive %78.79 ГўвӮ¬вҖқ model naive'i geГғВ§iyor"
"PROJE_RAPOR.txt","416","Percentage","78.79","#   AMZ LSTM %80.21 > Naive %78.79 ГўвӮ¬вҖқ model naive'i geГғВ§iyor"
"PROJE_RAPOR.txt","419","Percentage","79.7","#   THYAO Out=5: Naive %79.7 > LSTM %55 / CNN %55"
"PROJE_RAPOR.txt","420","Percentage","90.3","#   AZS Out=5: Naive %90.3 > LSTM %68.9 / CNN %70.2"
"PROJE_RAPOR.txt","420","Percentage","68.9","#   AZS Out=5: Naive %90.3 > LSTM %68.9 / CNN %70.2"
"PROJE_RAPOR.txt","420","Percentage","70.2","#   AZS Out=5: Naive %90.3 > LSTM %68.9 / CNN %70.2"
"PROJE_RAPOR.txt","421","Percentage","83.9","#   AMZ Out=5: Naive %83.9 > LSTM %77.4 / ARIMA %80.7"
"PROJE_RAPOR.txt","421","Percentage","77.4","#   AMZ Out=5: Naive %83.9 > LSTM %77.4 / ARIMA %80.7"
"PROJE_RAPOR.txt","421","Percentage","80.7","#   AMZ Out=5: Naive %83.9 > LSTM %77.4 / ARIMA %80.7"
"PROJE_RAPOR.txt","422","Percentage","80.21","#   Г„В°STГ„В°SNA: AMZ LSTM full Out=3 ГўвҖ вҖҷ %80.21 > Naive %78.79"
"PROJE_RAPOR.txt","422","Percentage","78.79","#   Г„В°STГ„В°SNA: AMZ LSTM full Out=3 ГўвҖ вҖҷ %80.21 > Naive %78.79"
"PROJE_RAPOR.txt","425","Percentage","53.1","#   THYAO Naive: %53.1 ГўвҖ вҖҷ %73.9 ГўвҖ вҖҷ %79.7 (Out=1,3,5)"
"PROJE_RAPOR.txt","425","Percentage","73.9","#   THYAO Naive: %53.1 ГўвҖ вҖҷ %73.9 ГўвҖ вҖҷ %79.7 (Out=1,3,5)"
"PROJE_RAPOR.txt","425","Percentage","79.7","#   THYAO Naive: %53.1 ГўвҖ вҖҷ %73.9 ГўвҖ вҖҷ %79.7 (Out=1,3,5)"
"PROJE_RAPOR.txt","426","Percentage","60.0","#   AZS Naive: %60.0 ГўвҖ вҖҷ %84.9 ГўвҖ вҖҷ %90.3"
"PROJE_RAPOR.txt","426","Percentage","84.9","#   AZS Naive: %60.0 ГўвҖ вҖҷ %84.9 ГўвҖ вҖҷ %90.3"
"PROJE_RAPOR.txt","426","Percentage","90.3","#   AZS Naive: %60.0 ГўвҖ вҖҷ %84.9 ГўвҖ вҖҷ %90.3"
"PROJE_RAPOR.txt","427","Percentage","60.0","#   AMZ Naive: %60.0 ГўвҖ вҖҷ %78.8 ГўвҖ вҖҷ %83.9"
"PROJE_RAPOR.txt","427","Percentage","78.8","#   AMZ Naive: %60.0 ГўвҖ вҖҷ %78.8 ГўвҖ вҖҷ %83.9"
"PROJE_RAPOR.txt","427","Percentage","83.9","#   AMZ Naive: %60.0 ГўвҖ вҖҷ %78.8 ГўвҖ вҖҷ %83.9"
"PROJE_RAPOR.txt","436","Percentage","80.21","#   %80.21 accuracy, Spec=0.857 ГўвҖ вҖҷ hem yГғВјkseliГ…Её hem dГғВјГ…ЕёГғВјГ…Её"
"PROJE_RAPOR.txt","436","Float","0.857","#   %80.21 accuracy, Spec=0.857 ГўвҖ вҖҷ hem yГғВјkseliГ…Её hem dГғВјГ…ЕёГғВјГ…Её"
"PROJE_RAPOR.txt","437","Float","0.072","#   SD = 0.072 ГўвҖ вҖҷ seed'den baГ„ЕёГ„ВұmsГ„Вұz tutarlГ„Вұ"
"PROJE_RAPOR.txt","640","Percentage","66.72","# [x] ARIMA eski ort. dГғВјzeltildi: %66.72 ГўвҖ вҖҷ %49.83 (CSV doГ„ЕёrulamasГ„Вұ)"
"PROJE_RAPOR.txt","640","Percentage","49.83","# [x] ARIMA eski ort. dГғВјzeltildi: %66.72 ГўвҖ вҖҷ %49.83 (CSV doГ„ЕёrulamasГ„Вұ)"
"PROJE_RAPOR.txt","641","Percentage","74.36","# [x] AMZ CNN en iyi non-MC dГғВјzeltildi: tech In=4 ГўвҖ вҖҷ closing In=6 (%74.36)"
"PROJE_ADIMLAR.txt","756","Float","0.70","train_end  <- floor(n * 0.70)  # 857. satГ„Вұra kadar"
"PROJE_ADIMLAR.txt","757","Float","0.85","val_end    <- floor(n * 0.85)  # 1041. satГ„Вұra kadar"
"PROJE_ADIMLAR.txt","949","Float","0.5016","#   2      1      3   0.5016"
"PROJE_ADIMLAR.txt","950","Float","0.5116","#   2      3      1   0.5116"
"PROJE_ADIMLAR.txt","951","Float","0.4784","#   2      5      1   0.4784"
"PROJE_ADIMLAR.txt","952","Float","0.4918","#   4      1      3   0.4918"
"PROJE_ADIMLAR.txt","953","Float","0.4983","#   4      3      1   0.4983"
"PROJE_ADIMLAR.txt","954","Float","0.4983","#   4      5      1   0.4983"
"PROJE_ADIMLAR.txt","955","Float","0.4885","#   6      1      3   0.4885"
"PROJE_ADIMLAR.txt","956","Float","0.5149","#   6      3      2   0.5149  ГўвҖ Вҗ En iyi"
"PROJE_ADIMLAR.txt","957","Float","0.5017","#   6      5      0   0.5017"
"PROJE_ADIMLAR.txt","959","Float","0.4983","# Ortalama Test Accuracy: 0.4983"
"PROJE_ADIMLAR.txt","960","Float","0.6757","# Makale ARIMA ortalamasГ„Вұ: 0.6757"
"PROJE_ADIMLAR.txt","961","Float","0.1774","# Fark: 0.1774 ГўвӮ¬вҖқ piyasa farklГ„ВұlГ„ВұГ„ЕёГ„Вұndan kaynaklГ„Вұ beklenen dГғВјГ…ЕёГғВјГ…Её"
"PROJE_ADIMLAR.txt","966","Percentage","51.49","# 3. En iyi kombinasyon: Input=6, Output=3 (%51.49)"
"PROJE_ADIMLAR.txt","980","Float","0.4983","# Ort: 0.4983    | Ort: 0.6757   | 0.1774"
"PROJE_ADIMLAR.txt","980","Float","0.6757","# Ort: 0.4983    | Ort: 0.6757   | 0.1774"
"PROJE_ADIMLAR.txt","980","Float","0.1774","# Ort: 0.4983    | Ort: 0.6757   | 0.1774"
"PROJE_ADIMLAR.txt","981","Float","0.7430","# En iyi: 0.7430 | En iyi: 0.7838| 0.0408"
"PROJE_ADIMLAR.txt","981","Float","0.7838","# En iyi: 0.7430 | En iyi: 0.7838| 0.0408"
"PROJE_ADIMLAR.txt","981","Float","0.0408","# En iyi: 0.7430 | En iyi: 0.7838| 0.0408"
"PROJE_ADIMLAR.txt","988","Float","0.85","# 4. Ortalama fark sadece 0.85 puan ГўвӮ¬вҖқ makaleyle mГғВјkemmel uyum"
"PROJE_ADIMLAR.txt","1005","Float","0.17","#  ve farklГ„ВұlГ„ВұklarГ„Вұn (0.17 puan) TГғВјrkiye piyasasГ„ВұnГ„Вұn volatilitesinden"
"PROJE_ADIMLAR.txt","1027","Float","0.85","#  SonuГғВ§larГ„Вұn makaleyle yГғВјksek uyumu (ortalama fark: 0.85 puan)"
"PROJE_ADIMLAR.txt","1033","Float","0.4983","# Ortalama Test Accuracy : 0.4983"
"PROJE_ADIMLAR.txt","1034","Float","0.6757","# Makale ortalamasГ„Вұ      : 0.6757"
"PROJE_ADIMLAR.txt","1035","Float","0.1774","# Fark                   : 0.1774 (piyasa farklГ„ВұlГ„ВұГ„ЕёГ„Вұ)"
"PROJE_ADIMLAR.txt","1080","Float","0.5225","# hist_tech     | 0.5225  | 0.5476  | -0.0251"
"PROJE_ADIMLAR.txt","1080","Float","0.5476","# hist_tech     | 0.5225  | 0.5476  | -0.0251"
"PROJE_ADIMLAR.txt","1080","Float","0.0251","# hist_tech     | 0.5225  | 0.5476  | -0.0251"
"PROJE_ADIMLAR.txt","1081","Float","0.5285","# technical     | 0.5285  | 0.6693  | -0.1408  ГўвҖ Вҗ En bГғВјyГғВјk fark"
"PROJE_ADIMLAR.txt","1081","Float","0.6693","# technical     | 0.5285  | 0.6693  | -0.1408  ГўвҖ Вҗ En bГғВјyГғВјk fark"
"PROJE_ADIMLAR.txt","1081","Float","0.1408","# technical     | 0.5285  | 0.6693  | -0.1408  ГўвҖ Вҗ En bГғВјyГғВјk fark"
"PROJE_ADIMLAR.txt","1082","Float","0.6153","# historical    | 0.6153  | 0.5532  | +0.0621  ГўвҖ Вҗ Bizde daha iyi (!)"
"PROJE_ADIMLAR.txt","1082","Float","0.5532","# historical    | 0.6153  | 0.5532  | +0.0621  ГўвҖ Вҗ Bizde daha iyi (!)"
"PROJE_ADIMLAR.txt","1082","Float","0.0621","# historical    | 0.6153  | 0.5532  | +0.0621  ГўвҖ Вҗ Bizde daha iyi (!)"
"PROJE_ADIMLAR.txt","1083","Float","0.6678","# closing       | 0.6678  | 0.5454  | +0.1224  ГўвҖ Вҗ Bizde ГғВ§ok daha iyi (!)"
"PROJE_ADIMLAR.txt","1083","Float","0.5454","# closing       | 0.6678  | 0.5454  | +0.1224  ГўвҖ Вҗ Bizde ГғВ§ok daha iyi (!)"
"PROJE_ADIMLAR.txt","1083","Float","0.1224","# closing       | 0.6678  | 0.5454  | +0.1224  ГўвҖ Вҗ Bizde ГғВ§ok daha iyi (!)"
"PROJE_ADIMLAR.txt","1124","Float","0.4809","# 1 gГғВјn   | 0.4809   | 0.5440             | 0.5843"
"PROJE_ADIMLAR.txt","1124","Float","0.5440","# 1 gГғВјn   | 0.4809   | 0.5440             | 0.5843"
"PROJE_ADIMLAR.txt","1124","Float","0.5843","# 1 gГғВјn   | 0.4809   | 0.5440             | 0.5843"
"PROJE_ADIMLAR.txt","1125","Float","0.7403","# 3 gГғВјn   | 0.7403   | 0.6236             | 0.5966"
"PROJE_ADIMLAR.txt","1125","Float","0.6236","# 3 gГғВјn   | 0.7403   | 0.6236             | 0.5966"
"PROJE_ADIMLAR.txt","1125","Float","0.5966","# 3 gГғВјn   | 0.7403   | 0.6236             | 0.5966"
"PROJE_ADIMLAR.txt","1126","Float","0.8156","# 5 gГғВјn   | 0.8156   | 0.6379             | 0.7069"
"PROJE_ADIMLAR.txt","1126","Float","0.6379","# 5 gГғВјn   | 0.8156   | 0.6379             | 0.7069"
"PROJE_ADIMLAR.txt","1126","Float","0.7069","# 5 gГғВјn   | 0.8156   | 0.6379             | 0.7069"
"PROJE_ADIMLAR.txt","1141","Float","0.6023","#   Mean Acc: 0.6023 | SD: 0.0260 | p=0.0003"
"PROJE_ADIMLAR.txt","1141","Float","0.0260","#   Mean Acc: 0.6023 | SD: 0.0260 | p=0.0003"
"PROJE_ADIMLAR.txt","1141","Float","0.0003","#   Mean Acc: 0.6023 | SD: 0.0260 | p=0.0003"
"PROJE_ADIMLAR.txt","1142","Float","0.7000","#   Sensitivity: 0.7000 | Specificity: 0.4348"
"PROJE_ADIMLAR.txt","1142","Float","0.4348","#   Sensitivity: 0.7000 | Specificity: 0.4348"
"PROJE_ADIMLAR.txt","1146","Float","0.5815","#   Mean Acc: 0.5815 | SD: 0.0210 | p=0.0028"
"PROJE_ADIMLAR.txt","1146","Float","0.0210","#   Mean Acc: 0.5815 | SD: 0.0210 | p=0.0028"
"PROJE_ADIMLAR.txt","1146","Float","0.0028","#   Mean Acc: 0.5815 | SD: 0.0210 | p=0.0028"
"PROJE_ADIMLAR.txt","1147","Float","0.8443","#   Sensitivity: 0.8443 | Specificity: 0.1034"
"PROJE_ADIMLAR.txt","1147","Float","0.1034","#   Sensitivity: 0.8443 | Specificity: 0.1034"
"PROJE_ADIMLAR.txt","1155","Percentage","82.22","#   - En iyi model: LSTM + technical, Input=2, Output=5 ГўвҖ вҖҷ %82.22"
"PROJE_ADIMLAR.txt","1160","Percentage","58.15","#   - En iyi gerГғВ§ek ГғВ¶Г„Еёrenme: technical, Input=2, Output=3 ГўвҖ вҖҷ %58.15"
"PROJE_ADIMLAR.txt","1162","Percentage","82.22","#   - Fark: %82.22 vs %58.15 = 24 puanlГ„Вұk dГғВјГ…ЕёГғВјГ…Её"
"PROJE_ADIMLAR.txt","1162","Percentage","58.15","#   - Fark: %82.22 vs %58.15 = 24 puanlГ„Вұk dГғВјГ…ЕёГғВјГ…Её"
"PROJE_ADIMLAR.txt","1179","Percentage","66.93","#  teknik gГғВ¶stergelerle %66.93 ortalama, en iyi konfigГғВјrasyonda"
"PROJE_ADIMLAR.txt","1180","Percentage","82.22","#  %82.22 test doГ„ЕёruluГ„Еёu elde etmiГ…Еёtir. AynГ„Вұ metodoloji THYAO"
"PROJE_ADIMLAR.txt","1181","Percentage","52.85","#  hissesine uygulandГ„ВұГ„ЕёГ„Вұnda teknik gГғВ¶stergelerle %52.85 ortalama,"
"PROJE_ADIMLAR.txt","1182","Percentage","58.15","#  en iyi konfigГғВјrasyonda %58.15 elde edilmiГ…Еёtir. Bu fark,"
"PROJE_ADIMLAR.txt","1197","Percentage","58.15","# En iyi gerГғВ§ek     : technical, Input=2, Output=3 ГўвҖ вҖҷ %58.15"
"PROJE_ADIMLAR.txt","1198","Percentage","82.22","# Makale en iyi     : technical, Input=2, Output=5 ГўвҖ вҖҷ %82.22"
"PROJE_ADIMLAR.txt","1233","Float","0.5331","# hist_tech     | 0.5331  | 0.5823  | -0.0492"
"PROJE_ADIMLAR.txt","1233","Float","0.5823","# hist_tech     | 0.5331  | 0.5823  | -0.0492"
"PROJE_ADIMLAR.txt","1233","Float","0.0492","# hist_tech     | 0.5331  | 0.5823  | -0.0492"
"PROJE_ADIMLAR.txt","1234","Float","0.5679","# technical     | 0.5679  | 0.5810  | -0.0131  ГўвҖ Вҗ En yakГ„Вұn uyum"
"PROJE_ADIMLAR.txt","1234","Float","0.5810","# technical     | 0.5679  | 0.5810  | -0.0131  ГўвҖ Вҗ En yakГ„Вұn uyum"
"PROJE_ADIMLAR.txt","1234","Float","0.0131","# technical     | 0.5679  | 0.5810  | -0.0131  ГўвҖ Вҗ En yakГ„Вұn uyum"
"PROJE_ADIMLAR.txt","1235","Float","0.4838","# historical    | 0.4838  | 0.5680  | -0.0842"
"PROJE_ADIMLAR.txt","1235","Float","0.5680","# historical    | 0.4838  | 0.5680  | -0.0842"
"PROJE_ADIMLAR.txt","1235","Float","0.0842","# historical    | 0.4838  | 0.5680  | -0.0842"
"PROJE_ADIMLAR.txt","1236","Float","0.5696","# closing       | 0.5696  | 0.5808  | -0.0112  ГўвҖ Вҗ En yakГ„Вұn uyum"
"PROJE_ADIMLAR.txt","1236","Float","0.5808","# closing       | 0.5696  | 0.5808  | -0.0112  ГўвҖ Вҗ En yakГ„Вұn uyum"
"PROJE_ADIMLAR.txt","1236","Float","0.0112","# closing       | 0.5696  | 0.5808  | -0.0112  ГўвҖ Вҗ En yakГ„Вұn uyum"
"PROJE_ADIMLAR.txt","1250","Float","0.6705","#   closing, Input=6, Output=3 ГўвҖ вҖҷ Acc=0.6705, SD=0, Spec=0"
"PROJE_ADIMLAR.txt","1251","Float","0.7356","#   closing, Input=6, Output=5 ГўвҖ вҖҷ Acc=0.7356, SD=0, Spec=0"
"PROJE_ADIMLAR.txt","1270","Float","0.6916","#   Mean Acc: 0.6916 | SD: 0.0176"
"PROJE_ADIMLAR.txt","1270","Float","0.0176","#   Mean Acc: 0.6916 | SD: 0.0176"
"PROJE_ADIMLAR.txt","1271","Float","0.8750","#   Sensitivity: 0.8750 | Specificity: 0.2391"
"PROJE_ADIMLAR.txt","1271","Float","0.2391","#   Sensitivity: 0.8750 | Specificity: 0.2391"
"PROJE_ADIMLAR.txt","1281","Percentage","58.24","#   - CNN genel ortalama: %58.24"
"PROJE_ADIMLAR.txt","1286","Percentage","53.86","#   - CNN genel ortalama: %53.86"
"PROJE_ADIMLAR.txt","1300","Percentage","69.16","# En iyi gerГғВ§ek     : technical, Input=6, Output=5 ГўвҖ вҖҷ %69.16"
"PROJE_ADIMLAR.txt","1301","Percentage","58.10","# Makale en iyi CNN : technical ГўвҖ вҖҷ %58.10"
"PROJE_ADIMLAR.txt","1315","Float","0.4983","# ARIMA      |   0.4983 (tГғВјm setler iГғВ§in aynГ„Вұ ГўвӮ¬вҖқ sadece Close kullanГ„Вұr)"
"PROJE_ADIMLAR.txt","1316","Float","0.5389","# LSTM       |   0.5389  |   0.5583  |   0.6104*  | 0.6678*"
"PROJE_ADIMLAR.txt","1316","Float","0.5583","# LSTM       |   0.5389  |   0.5583  |   0.6104*  | 0.6678*"
"PROJE_ADIMLAR.txt","1316","Float","0.6104","# LSTM       |   0.5389  |   0.5583  |   0.6104*  | 0.6678*"
"PROJE_ADIMLAR.txt","1316","Float","0.6678","# LSTM       |   0.5389  |   0.5583  |   0.6104*  | 0.6678*"
"PROJE_ADIMLAR.txt","1317","Float","0.5331","# CNN        |   0.5331  |   0.5679  |   0.4838   | 0.5696*"
"PROJE_ADIMLAR.txt","1317","Float","0.5679","# CNN        |   0.5331  |   0.5679  |   0.4838   | 0.5696*"
"PROJE_ADIMLAR.txt","1317","Float","0.4838","# CNN        |   0.5331  |   0.5679  |   0.4838   | 0.5696*"
"PROJE_ADIMLAR.txt","1317","Float","0.5696","# CNN        |   0.5331  |   0.5679  |   0.4838   | 0.5696*"
"PROJE_ADIMLAR.txt","1318","Float","0.5476","# Makale LSTM|   0.5476  |   0.6693  |   0.5532   | 0.5454"
"PROJE_ADIMLAR.txt","1318","Float","0.6693","# Makale LSTM|   0.5476  |   0.6693  |   0.5532   | 0.5454"
"PROJE_ADIMLAR.txt","1318","Float","0.5532","# Makale LSTM|   0.5476  |   0.6693  |   0.5532   | 0.5454"
"PROJE_ADIMLAR.txt","1318","Float","0.5454","# Makale LSTM|   0.5476  |   0.6693  |   0.5532   | 0.5454"
"PROJE_ADIMLAR.txt","1319","Float","0.5823","# Makale CNN |   0.5823  |   0.5810  |   0.5680   | 0.5808"
"PROJE_ADIMLAR.txt","1319","Float","0.5810","# Makale CNN |   0.5823  |   0.5810  |   0.5680   | 0.5808"
"PROJE_ADIMLAR.txt","1319","Float","0.5680","# Makale CNN |   0.5823  |   0.5810  |   0.5680   | 0.5808"
"PROJE_ADIMLAR.txt","1319","Float","0.5808","# Makale CNN |   0.5823  |   0.5810  |   0.5680   | 0.5808"
"PROJE_ADIMLAR.txt","1324","Percentage","48.09","#   Output=1: %48.09 (modeller bunu geГғВ§iyor ГўвӮ¬вҖқ gerГғВ§ek katkГ„Вұ)"
"PROJE_ADIMLAR.txt","1325","Percentage","74.03","#   Output=3: %74.03 (modeller bunu geГғВ§emiyor)"
"PROJE_ADIMLAR.txt","1326","Percentage","81.56","#   Output=5: %81.56 (modeller bunu geГғВ§emiyor)"
"PROJE_ADIMLAR.txt","1334","Percentage","49.83","#   1. ARIMA makaleye gГғВ¶re dГғВјГ…ЕёГғВјk (%49.83 vs %67.57) ГўвӮ¬вҖқ piyasa farkГ„Вұ"
"PROJE_ADIMLAR.txt","1334","Percentage","67.57","#   1. ARIMA makaleye gГғВ¶re dГғВјГ…ЕёГғВјk (%49.83 vs %67.57) ГўвӮ¬вҖқ piyasa farkГ„Вұ"
"PROJE_ADIMLAR.txt","1411","Percentage","67.8","#   AZS: %67.8 yГғВјkseliГ…Её"
"PROJE_ADIMLAR.txt","1412","Percentage","60.8","#   AMZ: %60.8 yГғВјkseliГ…Её (en dengeli)"
"PROJE_ADIMLAR.txt","1422","Percentage","98.5","# LSTM   : %100.0 (full ve closing), %98.5 (technical)"
"PROJE_ADIMLAR.txt","1434","Percentage","69.23","# ARIMA  : %69.23 maksimum"
"PROJE_ADIMLAR.txt","1435","Percentage","68.9","# LSTM   : closing %68.9 ort, en iyi %73.5 (In=6,Out=3)"
"PROJE_ADIMLAR.txt","1435","Percentage","73.5","# LSTM   : closing %68.9 ort, en iyi %73.5 (In=6,Out=3)"
"PROJE_ADIMLAR.txt","1436","Percentage","64.2","#          full %64.2 ort, technical %56.5 ort"
"PROJE_ADIMLAR.txt","1436","Percentage","56.5","#          full %64.2 ort, technical %56.5 ort"
"PROJE_ADIMLAR.txt","1437","Percentage","68.9","# CNN    : closing %68.9 ort, en iyi %73.5 (In=6,Out=3)"
"PROJE_ADIMLAR.txt","1437","Percentage","73.5","# CNN    : closing %68.9 ort, en iyi %73.5 (In=6,Out=3)"
"PROJE_ADIMLAR.txt","1438","Percentage","65.9","#          full %65.9 ort, technical %63.2 ort"
"PROJE_ADIMLAR.txt","1438","Percentage","63.2","#          full %65.9 ort, technical %63.2 ort"
"PROJE_ADIMLAR.txt","1439","Percentage","70.7","# Naive  : Out=1 %70.7, Out=3 %79.5, Out=5 %89.2"
"PROJE_ADIMLAR.txt","1439","Percentage","79.5","# Naive  : Out=1 %70.7, Out=3 %79.5, Out=5 %89.2"
"PROJE_ADIMLAR.txt","1439","Percentage","89.2","# Naive  : Out=1 %70.7, Out=3 %79.5, Out=5 %89.2"
"PROJE_ADIMLAR.txt","1445","Percentage","81.08","# ARIMA  : %81.08 maksimum (Output=5)"
"PROJE_ADIMLAR.txt","1446","Percentage","69.7","# LSTM   : closing %69.7 ort, en iyi %80.6* (In=2,Out=5)"
"PROJE_ADIMLAR.txt","1446","Percentage","80.6","# LSTM   : closing %69.7 ort, en iyi %80.6* (In=2,Out=5)"
"PROJE_ADIMLAR.txt","1447","Percentage","68.2","# CNN    : closing %68.2 ort, en iyi %80.6* (In=2,Out=5)"
"PROJE_ADIMLAR.txt","1447","Percentage","80.6","# CNN    : closing %68.2 ort, en iyi %80.6* (In=2,Out=5)"
"PROJE_ADIMLAR.txt","1448","Percentage","77.8","#          technical gerГғВ§ek en iyi %77.8 (In=2,Out=5)"
"PROJE_ADIMLAR.txt","1449","Percentage","68.3","# Naive  : Out=1 %68.3, Out=3 %84.6, Out=5 %86.5"
"PROJE_ADIMLAR.txt","1449","Percentage","84.6","# Naive  : Out=1 %68.3, Out=3 %84.6, Out=5 %86.5"
"PROJE_ADIMLAR.txt","1449","Percentage","86.5","# Naive  : Out=1 %68.3, Out=3 %84.6, Out=5 %86.5"
"PROJE_ADIMLAR.txt","1451","Percentage","80.6","# * %80.6 lar Spec=0 (majority class illГғВјzyonu)"
"PROJE_ADIMLAR.txt","1514","Percentage","96.97","# ARIMA: 8/9 konfigГғВјrasyonda %100.00 | 1 konfigГғВјrasyon %96.97"
"PROJE_ADIMLAR.txt","1515","Percentage","96.97","#        Input=6, Output=1 ГўвҖ вҖҷ %96.97 | Best_d=0 (tГғВјm kombo)"
"PROJE_ADIMLAR.txt","1542","Percentage","80.65","#   En iyi: Output=5 ГўвҖ вҖҷ %80.65 (In=2 ve In=6, Best_d=0)"
"PROJE_ADIMLAR.txt","1543","Percentage","57.58","#   En kГғВ¶tГғВј: In=4, Out=3 ГўвҖ вҖҷ %57.58"
"PROJE_ADIMLAR.txt","1544","Percentage","74.29","#   In=6, Out=1: %74.29 (Best_d=1) ГўвӮ¬вҖқ ARIMA d=1 buldu"
"PROJE_ADIMLAR.txt","1545","Percentage","69.23","#   Eski vs gГғВјncel: %69.23 ГўвҖ вҖҷ %80.65 (+11.42) ГўвҖ вҖҳ"
"PROJE_ADIMLAR.txt","1545","Percentage","80.65","#   Eski vs gГғВјncel: %69.23 ГўвҖ вҖҷ %80.65 (+11.42) ГўвҖ вҖҳ"
"PROJE_ADIMLAR.txt","1549","Percentage","68.89","#     Mean=68.89%, SD=0.084, Spec=0.667 ГўвҖ вҖҷ gerГғВ§ek ГғВ¶Г„Еёrenme!"
"PROJE_ADIMLAR.txt","1549","Float","0.084","#     Mean=68.89%, SD=0.084, Spec=0.667 ГўвҖ вҖҷ gerГғВ§ek ГғВ¶Г„Еёrenme!"
"PROJE_ADIMLAR.txt","1549","Float","0.667","#     Mean=68.89%, SD=0.084, Spec=0.667 ГўвҖ вҖҷ gerГғВ§ek ГғВ¶Г„Еёrenme!"
"PROJE_ADIMLAR.txt","1550","Percentage","66.67","#   full, Input=4, Output=5: 66.67%, Spec=0.600"
"PROJE_ADIMLAR.txt","1550","Float","0.600","#   full, Input=4, Output=5: 66.67%, Spec=0.600"
"PROJE_ADIMLAR.txt","1551","Percentage","58.89","#   full, Input=6, Output=1: 58.89%, Spec=0.667"
"PROJE_ADIMLAR.txt","1551","Float","0.667","#   full, Input=6, Output=1: 58.89%, Spec=0.667"
"PROJE_ADIMLAR.txt","1559","Percentage","75.56","#     Mean=75.56%, SD=0.069, Spec=0.625 ГўвҖ вҖҷ gerГғВ§ek ГғВ¶Г„Еёrenme!"
"PROJE_ADIMLAR.txt","1559","Float","0.069","#     Mean=75.56%, SD=0.069, Spec=0.625 ГўвҖ вҖҷ gerГғВ§ek ГғВ¶Г„Еёrenme!"
"PROJE_ADIMLAR.txt","1559","Float","0.625","#     Mean=75.56%, SD=0.069, Spec=0.625 ГўвҖ вҖҷ gerГғВ§ek ГғВ¶Г„Еёrenme!"
"PROJE_ADIMLAR.txt","1560","Percentage","54.17","#   technical, Input=2, Output=3: 54.17%, Spec=0.667"
"PROJE_ADIMLAR.txt","1560","Float","0.667","#   technical, Input=2, Output=3: 54.17%, Spec=0.667"
"PROJE_ADIMLAR.txt","1561","Percentage","65.56","#   full, Input=2, Output=5: 65.56%, Spec=0.667"
"PROJE_ADIMLAR.txt","1561","Float","0.667","#   full, Input=2, Output=5: 65.56%, Spec=0.667"
"PROJE_ADIMLAR.txt","1567","Percentage","60.00","# Naive: Out=1 %60.00 | Out=3 %84.85 | Out=5 %90.32"
"PROJE_ADIMLAR.txt","1567","Percentage","84.85","# Naive: Out=1 %60.00 | Out=3 %84.85 | Out=5 %90.32"
"PROJE_ADIMLAR.txt","1567","Percentage","90.32","# Naive: Out=1 %60.00 | Out=3 %84.85 | Out=5 %90.32"
"PROJE_ADIMLAR.txt","1572","Percentage","69.23","#   ARIMA max  | %69.23  | %80.65  | +11.42 ГўвҖ вҖҳ"
"PROJE_ADIMLAR.txt","1572","Percentage","80.65","#   ARIMA max  | %69.23  | %80.65  | +11.42 ГўвҖ вҖҳ"
"PROJE_ADIMLAR.txt","1573","Percentage","73.5","#   LSTM max   | %73.5   | %68.89  | -4.61  ГўвҖ вҖң"
"PROJE_ADIMLAR.txt","1573","Percentage","68.89","#   LSTM max   | %73.5   | %68.89  | -4.61  ГўвҖ вҖң"
"PROJE_ADIMLAR.txt","1574","Percentage","73.5","#   CNN max    | %73.5   | %75.56  | +2.06  ГўвҖ вҖҳ"
"PROJE_ADIMLAR.txt","1574","Percentage","75.56","#   CNN max    | %73.5   | %75.56  | +2.06  ГўвҖ вҖҳ"
"PROJE_ADIMLAR.txt","1575","Percentage","89.2","#   Naive max  | %89.2   | %90.32  | +1.12  ГўвҖ вҖҳ"
"PROJE_ADIMLAR.txt","1575","Percentage","90.32","#   Naive max  | %89.2   | %90.32  | +1.12  ГўвҖ вҖҳ"
"PROJE_ADIMLAR.txt","1580","Percentage","80.65","# ""Orta riskli AZS fonunda ARIMA %80.65 ile gГғВјГғВ§lГғВј performans"
"PROJE_ADIMLAR.txt","1581","Percentage","75.56","#  gГғВ¶sterdi. CNN, technical setinde %75.56 ile gerГғВ§ek ГғВ¶Г„Еёrenme"
"PROJE_ADIMLAR.txt","1582","Float","0.625","#  elde etti (Spec=0.625). CNN < LSTM (MC sayГ„ВұsГ„Вұ) bulgusu bu"
"PROJE_ADIMLAR.txt","1594","Percentage","71.43","#     Out=1: %71.43 | Out=3: %78.79 | Out=5: %80.65"
"PROJE_ADIMLAR.txt","1594","Percentage","78.79","#     Out=1: %71.43 | Out=3: %78.79 | Out=5: %80.65"
"PROJE_ADIMLAR.txt","1594","Percentage","80.65","#     Out=1: %71.43 | Out=3: %78.79 | Out=5: %80.65"
"PROJE_ADIMLAR.txt","1596","Percentage","81.08","#   Eski vs gГғВјncel: %81.08 ГўвҖ вҖҷ %80.65 (-0.43) ГўвҖ вҖң"
"PROJE_ADIMLAR.txt","1596","Percentage","80.65","#   Eski vs gГғВјncel: %81.08 ГўвҖ вҖҷ %80.65 (-0.43) ГўвҖ вҖң"
"PROJE_ADIMLAR.txt","1596","Float","0.43","#   Eski vs gГғВјncel: %81.08 ГўвҖ вҖҷ %80.65 (-0.43) ГўвҖ вҖң"
"PROJE_ADIMLAR.txt","1601","Percentage","80.21","#     Mean=80.21%, SD=0.072, Spec=0.857"
"PROJE_ADIMLAR.txt","1601","Float","0.072","#     Mean=80.21%, SD=0.072, Spec=0.857"
"PROJE_ADIMLAR.txt","1601","Float","0.857","#     Mean=80.21%, SD=0.072, Spec=0.857"
"PROJE_ADIMLAR.txt","1602","Percentage","84.38","#     Seed_23: 84.38% | Seed_27: 71.88% | Seed_98: 84.38%"
"PROJE_ADIMLAR.txt","1602","Percentage","71.88","#     Seed_23: 84.38% | Seed_27: 71.88% | Seed_98: 84.38%"
"PROJE_ADIMLAR.txt","1602","Percentage","84.38","#     Seed_23: 84.38% | Seed_27: 71.88% | Seed_98: 84.38%"
"PROJE_ADIMLAR.txt","1606","Percentage","77.38","#   technical, Input=4, Output=5: 77.38%, Spec=0.167"
"PROJE_ADIMLAR.txt","1606","Float","0.167","#   technical, Input=4, Output=5: 77.38%, Spec=0.167"
"PROJE_ADIMLAR.txt","1607","Percentage","69.61","#   technical, Input=2, Output=1: 69.61%, Spec=0.700"
"PROJE_ADIMLAR.txt","1607","Float","0.700","#   technical, Input=2, Output=1: 69.61%, Spec=0.700"
"PROJE_ADIMLAR.txt","1608","Percentage","60.00","#   technical, Input=2, Output=5: 60.00%, Spec=0.667"
"PROJE_ADIMLAR.txt","1608","Float","0.667","#   technical, Input=2, Output=5: 60.00%, Spec=0.667"
"PROJE_ADIMLAR.txt","1616","Percentage","80.6","#     Eski max %80.6: Spec=0 (majority class illГғВјzyonu!)"
"PROJE_ADIMLAR.txt","1617","Percentage","80.21","#     GГғВјncel max %80.21: Spec=0.857 (gerГғВ§ek ГғВ¶Г„Еёrenme!)"
"PROJE_ADIMLAR.txt","1617","Float","0.857","#     GГғВјncel max %80.21: Spec=0.857 (gerГғВ§ek ГғВ¶Г„Еёrenme!)"
"PROJE_ADIMLAR.txt","1622","Percentage","74.36","#     Mean=74.36%, SD=0.083, Spec=0.333"
"PROJE_ADIMLAR.txt","1622","Float","0.083","#     Mean=74.36%, SD=0.083, Spec=0.333"
"PROJE_ADIMLAR.txt","1622","Float","0.333","#     Mean=74.36%, SD=0.083, Spec=0.333"
"PROJE_ADIMLAR.txt","1623","Percentage","73.81","#   technical, Input=4, Output=5: 73.81%, Spec=0.167"
"PROJE_ADIMLAR.txt","1623","Float","0.167","#   technical, Input=4, Output=5: 73.81%, Spec=0.167"
"PROJE_ADIMLAR.txt","1624","Percentage","72.92","#   technical, Input=2, Output=3: 72.92%, Spec=0.286"
"PROJE_ADIMLAR.txt","1624","Float","0.286","#   technical, Input=2, Output=3: 72.92%, Spec=0.286"
"PROJE_ADIMLAR.txt","1625","Percentage","60.42","#   full, Input=4, Output=1: 60.42%, Spec=0.667"
"PROJE_ADIMLAR.txt","1625","Float","0.667","#   full, Input=4, Output=1: 60.42%, Spec=0.667"
"PROJE_ADIMLAR.txt","1630","Percentage","60.00","# Naive: Out=1 %60.00 | Out=3 %78.79 | Out=5 %83.87"
"PROJE_ADIMLAR.txt","1630","Percentage","78.79","# Naive: Out=1 %60.00 | Out=3 %78.79 | Out=5 %83.87"
"PROJE_ADIMLAR.txt","1630","Percentage","83.87","# Naive: Out=1 %60.00 | Out=3 %78.79 | Out=5 %83.87"
"PROJE_ADIMLAR.txt","1631","Percentage","80.21","# ГғвҖ“NEMLГ„В°: AMZ LSTM %80.21 (Out=3) > Naive %78.79 (Out=3)"
"PROJE_ADIMLAR.txt","1631","Percentage","78.79","# ГғвҖ“NEMLГ„В°: AMZ LSTM %80.21 (Out=3) > Naive %78.79 (Out=3)"
"PROJE_ADIMLAR.txt","1637","Percentage","81.08","#   ARIMA max   | %81.08  | %80.65  | -0.43  ГўвҖ вҖң"
"PROJE_ADIMLAR.txt","1637","Percentage","80.65","#   ARIMA max   | %81.08  | %80.65  | -0.43  ГўвҖ вҖң"
"PROJE_ADIMLAR.txt","1637","Float","0.43","#   ARIMA max   | %81.08  | %80.65  | -0.43  ГўвҖ вҖң"
"PROJE_ADIMLAR.txt","1638","Percentage","80.6","#   LSTM max*   | %80.6*  | %80.21  | ~0     ГўвҖ°ЛҶ"
"PROJE_ADIMLAR.txt","1638","Percentage","80.21","#   LSTM max*   | %80.6*  | %80.21  | ~0     ГўвҖ°ЛҶ"
"PROJE_ADIMLAR.txt","1639","Percentage","80.6","#   CNN max*    | %80.6*  | %74.36  | -6.24  ГўвҖ вҖң"
"PROJE_ADIMLAR.txt","1639","Percentage","74.36","#   CNN max*    | %80.6*  | %74.36  | -6.24  ГўвҖ вҖң"
"PROJE_ADIMLAR.txt","1640","Percentage","86.5","#   Naive max   | %86.5   | %83.87  | -2.63  ГўвҖ вҖң"
"PROJE_ADIMLAR.txt","1640","Percentage","83.87","#   Naive max   | %86.5   | %83.87  | -2.63  ГўвҖ вҖң"
"PROJE_ADIMLAR.txt","1644","Float","0.857","#   GГғВјncel LSTM max Spec=0.857 ГўвҖ вҖҷ illГғВјzyon deГ„Еёil, gerГғВ§ek ГғВ¶Г„Еёrenme"
"PROJE_ADIMLAR.txt","1649","Percentage","80.21","#  elde etti. Maksimum doГ„Еёruluk %80.21 olup Spec=0.857 ile"
"PROJE_ADIMLAR.txt","1649","Float","0.857","#  elde etti. Maksimum doГ„Еёruluk %80.21 olup Spec=0.857 ile"
"PROJE_ADIMLAR.txt","1663","Percentage","80.65","# AZS  | Orta   | %80.65 | %68.89 | %75.56 | %90.32"
"PROJE_ADIMLAR.txt","1663","Percentage","68.89","# AZS  | Orta   | %80.65 | %68.89 | %75.56 | %90.32"
"PROJE_ADIMLAR.txt","1663","Percentage","75.56","# AZS  | Orta   | %80.65 | %68.89 | %75.56 | %90.32"
"PROJE_ADIMLAR.txt","1663","Percentage","90.32","# AZS  | Orta   | %80.65 | %68.89 | %75.56 | %90.32"
"PROJE_ADIMLAR.txt","1664","Percentage","80.65","# AMZ  | YГғВјksek | %80.65 | %80.21 | %74.36 | %83.87"
"PROJE_ADIMLAR.txt","1664","Percentage","80.21","# AMZ  | YГғВјksek | %80.65 | %80.21 | %74.36 | %83.87"
"PROJE_ADIMLAR.txt","1664","Percentage","74.36","# AMZ  | YГғВјksek | %80.65 | %80.21 | %74.36 | %83.87"
"PROJE_ADIMLAR.txt","1664","Percentage","83.87","# AMZ  | YГғВјksek | %80.65 | %80.21 | %74.36 | %83.87"
"PROJE_ADIMLAR.txt","1674","Percentage","75.56","#   AZS (orta)  ГўвҖ вҖҷ kГ„Вұsmi gerГғВ§ek ГғВ¶Г„Еёrenme ГўвҖ вҖҷ CNN %75.56 Spec=0.625"
"PROJE_ADIMLAR.txt","1674","Float","0.625","#   AZS (orta)  ГўвҖ вҖҷ kГ„Вұsmi gerГғВ§ek ГғВ¶Г„Еёrenme ГўвҖ вҖҷ CNN %75.56 Spec=0.625"
"PROJE_ADIMLAR.txt","1675","Percentage","80.21","#   AMZ (yГғВјksek)ГўвҖ вҖҷ gГғВјГғВ§lГғВј gerГғВ§ek ГғВ¶Г„Еёrenme ГўвҖ вҖҷ LSTM %80.21 Spec=0.857"
"PROJE_ADIMLAR.txt","1675","Float","0.857","#   AMZ (yГғВјksek)ГўвҖ вҖҷ gГғВјГғВ§lГғВј gerГғВ§ek ГғВ¶Г„Еёrenme ГўвҖ вҖҷ LSTM %80.21 Spec=0.857"
"PROJE_ADIMLAR.txt","1689","Percentage","80.65","# AZS : ARIMA %80.65, CNN %75.56 Spec=0.625 (gerГғВ§ek ГғВ¶Г„Еёrenme)"
"PROJE_ADIMLAR.txt","1689","Percentage","75.56","# AZS : ARIMA %80.65, CNN %75.56 Spec=0.625 (gerГғВ§ek ГғВ¶Г„Еёrenme)"
"PROJE_ADIMLAR.txt","1689","Float","0.625","# AZS : ARIMA %80.65, CNN %75.56 Spec=0.625 (gerГғВ§ek ГғВ¶Г„Еёrenme)"
"PROJE_ADIMLAR.txt","1690","Percentage","80.21","# AMZ : LSTM %80.21 Spec=0.857 ГўвҖ Вҗ PROJENГ„В°N EN GГғЕ“ГғвҖЎLГғЕ“ BULGUS!"
"PROJE_ADIMLAR.txt","1690","Float","0.857","# AMZ : LSTM %80.21 Spec=0.857 ГўвҖ Вҗ PROJENГ„В°N EN GГғЕ“ГғвҖЎLГғЕ“ BULGUS!"
"PROJE_ADIMLAR.txt","1720","Percentage","80.21","#   - AMZ LSTM full: %80.21 Spec=0.857 gerГғВ§ek ГғВ¶Г„Еёrenme"
"PROJE_ADIMLAR.txt","1720","Float","0.857","#   - AMZ LSTM full: %80.21 Spec=0.857 gerГғВ§ek ГғВ¶Г„Еёrenme"
"PROJE_ADIMLAR.txt","1735","Percentage","66.72","#   [x] ARIMA eski ort. dГғВјzeltildi (%66.72 ГўвҖ вҖҷ %49.83)"
"PROJE_ADIMLAR.txt","1735","Percentage","49.83","#   [x] ARIMA eski ort. dГғВјzeltildi (%66.72 ГўвҖ вҖҷ %49.83)"
"PROJE_ADIMLAR.txt","1736","Percentage","74.36","#   [x] AMZ CNN en iyi non-MC dГғВјzeltildi (closing In=6 Out=5 ГўвҖ вҖҷ %74.36)"
"PROJE_ADIMLAR.txt","1749","Percentage","80.21","#   - BIST'teki hisselerin (fazla dГ„ВұГ…Её deГ„ЕёiГ…Еёkene raГ„Еёmen) stokastik gГғВјrГғВјltГғВј yaratГ„Вұp; Emeklilik FonlarГ„ВұnГ„Вұn (sadece fiyata raГ„Еёmen) kurumsal atalet ve momentum yakalayarak baГ…ЕёarГ„ВұlГ„Вұ (AMZ %80.21) olmasГ„Вұ raporlandГ„Вұ."
"JURI_SAVUNMA_VE_BILINMESI_GEREKENLER.txt","22","Float","0.80","(JURI VURGUSU: Sadece [Sens=0 ve Spec=1] gibi ""kati"" bir MC tanimi uygulamak amator bir yontemdir. Zira model ornegin Sens=0.80, Spec=0 sonuclari uretirse; Sensitivity %100 olmamasina ragmen Specificity ""sifir""dir, yani model hala dususu 'hic' bilememektedir ve Majority Class'a cokmustur. LiteratГғВјrde MC tanimi her zaman ""Genis"" uygulanmalidir. Hesaplamalarimiz bu yuzden salt Genis Tanim uzerindendir.)"
"JURI_SAVUNMA_VE_BILINMESI_GEREKENLER.txt","75","Percentage","49.83","ARIMA: %49.83 -> %51.34 (stabil, ~%50 etrafinda)"
"JURI_SAVUNMA_VE_BILINMESI_GEREKENLER.txt","75","Percentage","51.34","ARIMA: %49.83 -> %51.34 (stabil, ~%50 etrafinda)"
"JURI_SAVUNMA_VE_BILINMESI_GEREKENLER.txt","76","Percentage","55.83","LSTM tech: %55.83 -> %50.52 (%5.3 dusus)"
"JURI_SAVUNMA_VE_BILINMESI_GEREKENLER.txt","76","Percentage","50.52","LSTM tech: %55.83 -> %50.52 (%5.3 dusus)"
"JURI_SAVUNMA_VE_BILINMESI_GEREKENLER.txt","76","Percentage","5.3","LSTM tech: %55.83 -> %50.52 (%5.3 dusus)"
"JURI_SAVUNMA_VE_BILINMESI_GEREKENLER.txt","77","Percentage","56.79","CNN tech:  %56.79 -> %49.55 (%7.2 dusus)"
"JURI_SAVUNMA_VE_BILINMESI_GEREKENLER.txt","77","Percentage","49.55","CNN tech:  %56.79 -> %49.55 (%7.2 dusus)"
"JURI_SAVUNMA_VE_BILINMESI_GEREKENLER.txt","77","Percentage","7.2","CNN tech:  %56.79 -> %49.55 (%7.2 dusus)"
"JURI_SAVUNMA_VE_BILINMESI_GEREKENLER.txt","81","Percentage","67.57","Makale ARIMA (NASDAQ100): %67.57 ГғВўГўвҖҡВ¬ГўвӮ¬Вқ gelismis piyasa avantaji."
"JURI_SAVUNMA_VE_BILINMESI_GEREKENLER.txt","99","Percentage","79.73","THYAO Naive Out=5: %79.73 > tum modeller"
"JURI_SAVUNMA_VE_BILINMESI_GEREKENLER.txt","100","Percentage","90.32","AZS Naive Out=5:  %90.32 > tum modeller"
"JURI_SAVUNMA_VE_BILINMESI_GEREKENLER.txt","101","Percentage","80.21","ISTISNA: AMZ LSTM Out=3 %80.21 > Naive %78.79"
"JURI_SAVUNMA_VE_BILINMESI_GEREKENLER.txt","101","Percentage","78.79","ISTISNA: AMZ LSTM Out=3 %80.21 > Naive %78.79"
"JURI_SAVUNMA_VE_BILINMESI_GEREKENLER.txt","115","Percentage","80.21","- Ama AMZ LSTM %80.21 = EMH'ye aykiri"
"JURI_SAVUNMA_VE_BILINMESI_GEREKENLER.txt","127","Percentage","80.21","- AMZ (emeklilik fonu): %80.21 = EMH'ye AYKIRI gozlem."
"JURI_SAVUNMA_VE_BILINMESI_GEREKENLER.txt","139","Percentage","80.21","%55+ gercek ogrenme isareti. AMZ LSTM %80.21 cok guclu."
"JURI_SAVUNMA_VE_BILINMESI_GEREKENLER.txt","193","Percentage","80.21","CEVAP: KГ„Вұsa vadeli tahmin uzayinda rastgeleyurutge (Random Walk) cok gucludur; bazen 'hicbir sey degismeyecek (no-change)' tahmini istatistiksel gercekliktir. Amacimiz modellerin Naive'i yok edecegini iddia etmek degil; derin ogrenmenin BIST gibi gurultulu ortamda nasil anlamsizlasirken, AMZ fonu gibi atalete sahip bir ortamda Naive'i (%80.21 > %78.79) asdigini kanitlamakti. Ise yaramazligi degil, hangi durumda calistigini gosterdik."
"JURI_SAVUNMA_VE_BILINMESI_GEREKENLER.txt","193","Percentage","78.79","CEVAP: KГ„Вұsa vadeli tahmin uzayinda rastgeleyurutge (Random Walk) cok gucludur; bazen 'hicbir sey degismeyecek (no-change)' tahmini istatistiksel gercekliktir. Amacimiz modellerin Naive'i yok edecegini iddia etmek degil; derin ogrenmenin BIST gibi gurultulu ortamda nasil anlamsizlasirken, AMZ fonu gibi atalete sahip bir ortamda Naive'i (%80.21 > %78.79) asdigini kanitlamakti. Ise yaramazligi degil, hangi durumda calistigini gosterdik."
"JURI_SAVUNMA_VE_BILINMESI_GEREKENLER.txt","236","Float","0.072","AMZ LSTM en iyi: SD=0.072 (makul, seed'den bagimsiz tutarli)"
"JURI_SAVUNMA_VE_BILINMESI_GEREKENLER.txt","263","Float","0.929","w_yukselis = 1300 / (2*700) = 0.929"
"JURI_SAVUNMA_VE_BILINMESI_GEREKENLER.txt","283","Percentage","80.21","Accuracy: 0.8021 (80.21%)"
"JURI_SAVUNMA_VE_BILINMESI_GEREKENLER.txt","283","Float","0.8021","Accuracy: 0.8021 (80.21%)"
"JURI_SAVUNMA_VE_BILINMESI_GEREKENLER.txt","284","Float","0.8936","F1-score: 0.8936"
"JURI_SAVUNMA_VE_BILINMESI_GEREKENLER.txt","285","Float","0.84","Sensitivity: 0.84"
"JURI_SAVUNMA_VE_BILINMESI_GEREKENLER.txt","286","Float","0.8571","Specificity: 0.8571"
"JURI_SAVUNMA_VE_BILINMESI_GEREKENLER.txt","287","Float","0.0722","SD: 0.0722"
"JURI_SAVUNMA_VE_BILINMESI_GEREKENLER.txt","288","Float","0.8438","Seeds: 0.8438 / 0.7188 / 0.8438"
"JURI_SAVUNMA_VE_BILINMESI_GEREKENLER.txt","288","Float","0.7188","Seeds: 0.8438 / 0.7188 / 0.8438"
"JURI_SAVUNMA_VE_BILINMESI_GEREKENLER.txt","288","Float","0.8438","Seeds: 0.8438 / 0.7188 / 0.8438"
"JURI_SAVUNMA_VE_BILINMESI_GEREKENLER.txt","292","Percentage","78.79","Naive (Out=3): %78.79"
"JURI_SAVUNMA_VE_BILINMESI_GEREKENLER.txt","293","Percentage","80.21","MODEL NAIVE'I GECIYOR: %80.21 > %78.79"
"JURI_SAVUNMA_VE_BILINMESI_GEREKENLER.txt","293","Percentage","78.79","MODEL NAIVE'I GECIYOR: %80.21 > %78.79"
"MAKALE_YAZIM_REHBERI.txt","36","Percentage","80.21","- Anahtar bulgular: AMZ LSTM %80.21 Spec=0.857, CNN<LSTM MC"
"MAKALE_YAZIM_REHBERI.txt","36","Float","0.857","- Anahtar bulgular: AMZ LSTM %80.21 Spec=0.857, CNN<LSTM MC"
"MAKALE_YAZIM_REHBERI.txt","282","Float","0.5054","hist_tech   : Acc=0.5054 F1=0.4739 Sens=0.4426 Spec=0.6095 MC=0/9"
"MAKALE_YAZIM_REHBERI.txt","282","Float","0.4739","hist_tech   : Acc=0.5054 F1=0.4739 Sens=0.4426 Spec=0.6095 MC=0/9"
"MAKALE_YAZIM_REHBERI.txt","282","Float","0.4426","hist_tech   : Acc=0.5054 F1=0.4739 Sens=0.4426 Spec=0.6095 MC=0/9"
"MAKALE_YAZIM_REHBERI.txt","282","Float","0.6095","hist_tech   : Acc=0.5054 F1=0.4739 Sens=0.4426 Spec=0.6095 MC=0/9"
"MAKALE_YAZIM_REHBERI.txt","283","Float","0.5052","technical   : Acc=0.5052 F1=0.4827 Sens=0.4803 Spec=0.5841 MC=0/9"
"MAKALE_YAZIM_REHBERI.txt","283","Float","0.4827","technical   : Acc=0.5052 F1=0.4827 Sens=0.4803 Spec=0.5841 MC=0/9"
"MAKALE_YAZIM_REHBERI.txt","283","Float","0.4803","technical   : Acc=0.5052 F1=0.4827 Sens=0.4803 Spec=0.5841 MC=0/9"
"MAKALE_YAZIM_REHBERI.txt","283","Float","0.5841","technical   : Acc=0.5052 F1=0.4827 Sens=0.4803 Spec=0.5841 MC=0/9"
"MAKALE_YAZIM_REHBERI.txt","284","Float","0.4966","historical  : Acc=0.4966 F1=0.3138 Sens=0.1568 Spec=0.8784 MC=3/9"
"MAKALE_YAZIM_REHBERI.txt","284","Float","0.3138","historical  : Acc=0.4966 F1=0.3138 Sens=0.1568 Spec=0.8784 MC=3/9"
"MAKALE_YAZIM_REHBERI.txt","284","Float","0.1568","historical  : Acc=0.4966 F1=0.3138 Sens=0.1568 Spec=0.8784 MC=3/9"
"MAKALE_YAZIM_REHBERI.txt","284","Float","0.8784","historical  : Acc=0.4966 F1=0.3138 Sens=0.1568 Spec=0.8784 MC=3/9"
"MAKALE_YAZIM_REHBERI.txt","285","Float","0.5071","closing     : Acc=0.5071 F1=0.6817 Sens=0.7778 Spec=0.2222 MC=9/9"
"MAKALE_YAZIM_REHBERI.txt","285","Float","0.6817","closing     : Acc=0.5071 F1=0.6817 Sens=0.7778 Spec=0.2222 MC=9/9"
"MAKALE_YAZIM_REHBERI.txt","285","Float","0.7778","closing     : Acc=0.5071 F1=0.6817 Sens=0.7778 Spec=0.2222 MC=9/9"
"MAKALE_YAZIM_REHBERI.txt","285","Float","0.2222","closing     : Acc=0.5071 F1=0.6817 Sens=0.7778 Spec=0.2222 MC=9/9"
"MAKALE_YAZIM_REHBERI.txt","288","Float","0.4928","hist_tech   : Acc=0.4928 F1=0.4186 Sens=0.3843 Spec=0.6359 MC=0/9"
"MAKALE_YAZIM_REHBERI.txt","288","Float","0.4186","hist_tech   : Acc=0.4928 F1=0.4186 Sens=0.3843 Spec=0.6359 MC=0/9"
"MAKALE_YAZIM_REHBERI.txt","288","Float","0.3843","hist_tech   : Acc=0.4928 F1=0.4186 Sens=0.3843 Spec=0.6359 MC=0/9"
"MAKALE_YAZIM_REHBERI.txt","288","Float","0.6359","hist_tech   : Acc=0.4928 F1=0.4186 Sens=0.3843 Spec=0.6359 MC=0/9"
"MAKALE_YAZIM_REHBERI.txt","289","Float","0.4955","technical   : Acc=0.4955 F1=0.5249 Sens=0.5368 Spec=0.4948 MC=0/9"
"MAKALE_YAZIM_REHBERI.txt","289","Float","0.5249","technical   : Acc=0.4955 F1=0.5249 Sens=0.5368 Spec=0.4948 MC=0/9"
"MAKALE_YAZIM_REHBERI.txt","289","Float","0.5368","technical   : Acc=0.4955 F1=0.5249 Sens=0.5368 Spec=0.4948 MC=0/9"
"MAKALE_YAZIM_REHBERI.txt","289","Float","0.4948","technical   : Acc=0.4955 F1=0.5249 Sens=0.5368 Spec=0.4948 MC=0/9"
"MAKALE_YAZIM_REHBERI.txt","290","Float","0.4956","historical  : Acc=0.4956 F1=0.5113 Sens=0.5299 Spec=0.4956 MC=0/9"
"MAKALE_YAZIM_REHBERI.txt","290","Float","0.5113","historical  : Acc=0.4956 F1=0.5113 Sens=0.5299 Spec=0.4956 MC=0/9"
"MAKALE_YAZIM_REHBERI.txt","290","Float","0.5299","historical  : Acc=0.4956 F1=0.5113 Sens=0.5299 Spec=0.4956 MC=0/9"
"MAKALE_YAZIM_REHBERI.txt","290","Float","0.4956","historical  : Acc=0.4956 F1=0.5113 Sens=0.5299 Spec=0.4956 MC=0/9"
"MAKALE_YAZIM_REHBERI.txt","291","Float","0.4898","closing     : Acc=0.4898 F1=0.6828 Sens=0.2222 Spec=0.7778 MC=9/9"
"MAKALE_YAZIM_REHBERI.txt","291","Float","0.6828","closing     : Acc=0.4898 F1=0.6828 Sens=0.2222 Spec=0.7778 MC=9/9"
"MAKALE_YAZIM_REHBERI.txt","291","Float","0.2222","closing     : Acc=0.4898 F1=0.6828 Sens=0.2222 Spec=0.7778 MC=9/9"
"MAKALE_YAZIM_REHBERI.txt","291","Float","0.7778","closing     : Acc=0.4898 F1=0.6828 Sens=0.2222 Spec=0.7778 MC=9/9"
"MAKALE_YAZIM_REHBERI.txt","296","Percentage","68.89","AZS LSTM: Best=68.89% (full,In=2,Out=5) F1=0.8444 Spec=0.6667 MC=13/27"
"MAKALE_YAZIM_REHBERI.txt","296","Float","0.8444","AZS LSTM: Best=68.89% (full,In=2,Out=5) F1=0.8444 Spec=0.6667 MC=13/27"
"MAKALE_YAZIM_REHBERI.txt","296","Float","0.6667","AZS LSTM: Best=68.89% (full,In=2,Out=5) F1=0.8444 Spec=0.6667 MC=13/27"
"MAKALE_YAZIM_REHBERI.txt","297","Percentage","75.56","AZS CNN: Best=75.56% (technical,In=4,Out=3) F1=0.8889 Spec=0.625 MC=9/27"
"MAKALE_YAZIM_REHBERI.txt","297","Float","0.8889","AZS CNN: Best=75.56% (technical,In=4,Out=3) F1=0.8889 Spec=0.625 MC=9/27"
"MAKALE_YAZIM_REHBERI.txt","297","Float","0.625","AZS CNN: Best=75.56% (technical,In=4,Out=3) F1=0.8889 Spec=0.625 MC=9/27"
"MAKALE_YAZIM_REHBERI.txt","298","Percentage","80.21","AMZ LSTM: Best=80.21% (full,In=2,Out=3) F1=0.8936 Spec=0.8571 MC=10/27"
"MAKALE_YAZIM_REHBERI.txt","298","Float","0.8936","AMZ LSTM: Best=80.21% (full,In=2,Out=3) F1=0.8936 Spec=0.8571 MC=10/27"
"MAKALE_YAZIM_REHBERI.txt","298","Float","0.8571","AMZ LSTM: Best=80.21% (full,In=2,Out=3) F1=0.8936 Spec=0.8571 MC=10/27"
"MAKALE_YAZIM_REHBERI.txt","299","Percentage","74.36","AMZ CNN: Best=74.36% (closing,In=6,Out=5) F1=0.8571 Spec=0.3333 MC=9/27"
"MAKALE_YAZIM_REHBERI.txt","299","Float","0.8571","AMZ CNN: Best=74.36% (closing,In=6,Out=5) F1=0.8571 Spec=0.3333 MC=9/27"
"MAKALE_YAZIM_REHBERI.txt","299","Float","0.3333","AMZ CNN: Best=74.36% (closing,In=6,Out=5) F1=0.8571 Spec=0.3333 MC=9/27"
"GRAFIK_VE_MATRIS_REHBERI.txt","42","Percentage","80.21","*   **AmacГ„Вұ:** Makalemizin yГ„ВұldГ„Вұz sonucu olan (Emeklilik AMZ LSTM %80.21 ve Spec %85.7) sonucunu kutlamak."
"GRAFIK_VE_MATRIS_REHBERI.txt","42","Percentage","85.7","*   **AmacГ„Вұ:** Makalemizin yГ„ВұldГ„Вұz sonucu olan (Emeklilik AMZ LSTM %80.21 ve Spec %85.7) sonucunu kutlamak."
