"File","Line","Type","Value","Content"
"PROJE_RAPOR.txt","55","Percentage","%51.34","# Ortalama Accuracy: %51.34"
"PROJE_RAPOR.txt","56","Percentage","%55.78","# En iyi: Input=6, Output=3 → %55.78"
"PROJE_RAPOR.txt","59","Float","0.5016","#  2       1       3      0.5016"
"PROJE_RAPOR.txt","60","Float","0.5248","#  2       3       1      0.5248"
"PROJE_RAPOR.txt","61","Float","0.5183","#  2       5       1      0.5183"
"PROJE_RAPOR.txt","62","Float","0.4984","#  4       1       3      0.4984"
"PROJE_RAPOR.txt","63","Float","0.4851","#  4       3       1      0.4851"
"PROJE_RAPOR.txt","64","Float","0.4950","#  4       5       1      0.4950"
"PROJE_RAPOR.txt","65","Float","0.5115","#  6       1       3      0.5115"
"PROJE_RAPOR.txt","66","Float","0.5578","#  6       3       1      0.5578"
"PROJE_RAPOR.txt","67","Float","0.5282","#  6       5       1      0.5282"
"PROJE_RAPOR.txt","70","Percentage","%50.54","# Ortalamalar: hist_tech: %50.54 | technical: %50.52 | historical: %49.66 | closing: %50.71"
"PROJE_RAPOR.txt","70","Percentage","%50.52","# Ortalamalar: hist_tech: %50.54 | technical: %50.52 | historical: %49.66 | closing: %50.71"
"PROJE_RAPOR.txt","70","Percentage","%49.66","# Ortalamalar: hist_tech: %50.54 | technical: %50.52 | historical: %49.66 | closing: %50.71"
"PROJE_RAPOR.txt","70","Percentage","%50.71","# Ortalamalar: hist_tech: %50.54 | technical: %50.52 | historical: %49.66 | closing: %50.71"
"PROJE_RAPOR.txt","71","Percentage","%57.56","# En iyi gerçek öğrenme: hist_tech In=4 Out=3 → %57.56 (Spec=0.60)"
"PROJE_RAPOR.txt","71","Float","0.60","# En iyi gerçek öğrenme: hist_tech In=4 Out=3 → %57.56 (Spec=0.60)"
"PROJE_RAPOR.txt","75","Percentage","%49.28","# Ortalamalar: hist_tech: %49.28 | technical: %49.55 | historical: %49.56 | closing: %48.98"
"PROJE_RAPOR.txt","75","Percentage","%49.55","# Ortalamalar: hist_tech: %49.28 | technical: %49.55 | historical: %49.56 | closing: %48.98"
"PROJE_RAPOR.txt","75","Percentage","%49.56","# Ortalamalar: hist_tech: %49.28 | technical: %49.55 | historical: %49.56 | closing: %48.98"
"PROJE_RAPOR.txt","75","Percentage","%48.98","# Ortalamalar: hist_tech: %49.28 | technical: %49.55 | historical: %49.56 | closing: %48.98"
"PROJE_RAPOR.txt","76","Percentage","%53.97","# En iyi: hist_tech In=2 Out=3 → %53.97 (Spec=0.33)"
"PROJE_RAPOR.txt","76","Float","0.33","# En iyi: hist_tech In=2 Out=3 → %53.97 (Spec=0.33)"
"PROJE_RAPOR.txt","80","Percentage","%53.11","# Out=1: %53.11 | Out=3: %73.93 | Out=5: %79.73"
"PROJE_RAPOR.txt","80","Percentage","%73.93","# Out=1: %53.11 | Out=3: %73.93 | Out=5: %79.73"
"PROJE_RAPOR.txt","80","Percentage","%79.73","# Out=1: %53.11 | Out=3: %73.93 | Out=5: %79.73"
"PROJE_RAPOR.txt","91","Percentage","%80.65","# ARIMA Max: %80.65"
"PROJE_RAPOR.txt","92","Percentage","%68.89","# LSTM Max (Full, In=2, Out=5): %68.89 (Spec=0.667)"
"PROJE_RAPOR.txt","92","Float","0.667","# LSTM Max (Full, In=2, Out=5): %68.89 (Spec=0.667)"
"PROJE_RAPOR.txt","93","Percentage","%75.56","# CNN Max (Technical, In=4, Out=3): %75.56 (Spec=0.625)"
"PROJE_RAPOR.txt","93","Float","0.625","# CNN Max (Technical, In=4, Out=3): %75.56 (Spec=0.625)"
"PROJE_RAPOR.txt","94","Percentage","%90.32","# Naive Max: %90.32"
"PROJE_RAPOR.txt","97","Percentage","%80.65","# ARIMA: %80.65"
"PROJE_RAPOR.txt","98","Percentage","%80.21","# LSTM Max (Full, In=2, Out=3): %80.21 (Spec=0.857) ← GERÇEK ÖĞRENME!"
"PROJE_RAPOR.txt","98","Float","0.857","# LSTM Max (Full, In=2, Out=3): %80.21 (Spec=0.857) ← GERÇEK ÖĞRENME!"
"PROJE_RAPOR.txt","99","Percentage","%73.81","# CNN Max (Technical, In=4, Out=5): %73.81 (Spec=0.167)"
"PROJE_RAPOR.txt","99","Float","0.167","# CNN Max (Technical, In=4, Out=5): %73.81 (Spec=0.167)"
"PROJE_RAPOR.txt","100","Percentage","%83.87","# Naive Max: %83.87"
"PROJE_RAPOR.txt","105","Percentage","%66.72","# THYAO ARIMA Ortalama : %66.72 (Eski) → %51.34 (Güncel) |-15.38%|"
"PROJE_RAPOR.txt","105","Percentage","%51.34","# THYAO ARIMA Ortalama : %66.72 (Eski) → %51.34 (Güncel) |-15.38%|"
"PROJE_RAPOR.txt","105","Percentage","%15.38","# THYAO ARIMA Ortalama : %66.72 (Eski) → %51.34 (Güncel) |-15.38%|"
"PROJE_RAPOR.txt","107","Percentage","%80.60","# AMZ LSTM Max         : %80.60 (Eski-MC) → %80.21 (Güncel-GERÇEK)|"
"PROJE_RAPOR.txt","107","Percentage","%80.21","# AMZ LSTM Max         : %80.60 (Eski-MC) → %80.21 (Güncel-GERÇEK)|"
"PROJE_RAPOR.txt","115","Percentage","%80.21","# Derin öğrenme algoritmalarının başarısının model karmaşıklığından ziyade verinin doğasına (sinyal/gürültü oranı) bağlı olduğu kanıtlanmıştır. THYAO gibi yüksek gürültülü bir piyasada hiçbir karmaşık ağ yapısı Naive Baseline'ı istikrarlı şekilde aşamazken, AMZ fonunda LSTM %80.21 başarı yakalamıştır."
"PROJE_ADIMLAR.txt","259","MCCount","01/20","THYAO <- THYAO.IS[""2018-01-01/2022-12-30""]"
"PROJE_ADIMLAR.txt","740","MCCount","70/15","# ADIM 2: VERİYİ BÖL (70/15/15)"
"PROJE_ADIMLAR.txt","756","Float","0.70","train_end  <- floor(n * 0.70)  # 857. satıra kadar"
"PROJE_ADIMLAR.txt","757","Float","0.85","val_end    <- floor(n * 0.85)  # 1041. satıra kadar"
"PROJE_ADIMLAR.txt","823","MCCount","03/62","# Etiket dağılımı  : label_1 → 603/621 (dengeli)"
"PROJE_ADIMLAR.txt","824","MCCount","48/67","#                    label_3 → 548/674 (hafif yükseliş ağırlıklı)"
"PROJE_ADIMLAR.txt","825","MCCount","30/69","#                    label_5 → 530/690 (yükseliş ağırlıklı)"
"PROJE_ADIMLAR.txt","949","Float","0.5016","#   2      1      3   0.5016"
"PROJE_ADIMLAR.txt","950","Float","0.5248","#   2      3      1   0.5248"
"PROJE_ADIMLAR.txt","951","Float","0.5183","#   2      5      1   0.5183"
"PROJE_ADIMLAR.txt","952","Float","0.4984","#   4      1      3   0.4984"
"PROJE_ADIMLAR.txt","953","Float","0.4851","#   4      3      1   0.4851"
"PROJE_ADIMLAR.txt","954","Float","0.4950","#   4      5      1   0.4950"
"PROJE_ADIMLAR.txt","955","Float","0.5115","#   6      1      3   0.5115"
"PROJE_ADIMLAR.txt","956","Float","0.5578","#   6      3      1   0.5578  ← En iyi"
"PROJE_ADIMLAR.txt","957","Float","0.5282","#   6      5      1   0.5282"
"PROJE_ADIMLAR.txt","959","Float","0.5134","# Ortalama Test Accuracy: 0.5134"
"PROJE_ADIMLAR.txt","960","Float","0.6757","# Makale ARIMA ortalaması: 0.6757"
"PROJE_ADIMLAR.txt","961","Float","0.1774","# Fark: 0.1774 — piyasa farklılığından kaynaklı beklenen düşüş"
"PROJE_ADIMLAR.txt","966","Percentage","%51.49","# 3. En iyi kombinasyon: Input=6, Output=3 (%51.49)"
"PROJE_ADIMLAR.txt","980","Float","0.4983","# Ort: 0.4983    | Ort: 0.6757   | 0.1774"
"PROJE_ADIMLAR.txt","980","Float","0.6757","# Ort: 0.4983    | Ort: 0.6757   | 0.1774"
"PROJE_ADIMLAR.txt","980","Float","0.1774","# Ort: 0.4983    | Ort: 0.6757   | 0.1774"
"PROJE_ADIMLAR.txt","981","Float","0.7430","# En iyi: 0.7430 | En iyi: 0.7838| 0.0408"
"PROJE_ADIMLAR.txt","981","Float","0.7838","# En iyi: 0.7430 | En iyi: 0.7838| 0.0408"
"PROJE_ADIMLAR.txt","981","Float","0.0408","# En iyi: 0.7430 | En iyi: 0.7838| 0.0408"
"PROJE_ADIMLAR.txt","988","Float","0.85","# 4. Ortalama fark sadece 0.85 puan — makaleyle mükemmel uyum"
"PROJE_ADIMLAR.txt","1005","Float","0.17","#  ve farklılıkların (0.17 puan) Türkiye piyasasının volatilitesinden"
"PROJE_ADIMLAR.txt","1027","Float","0.85","#  Sonuçların makaleyle yüksek uyumu (ortalama fark: 0.85 puan)"
"PROJE_ADIMLAR.txt","1033","Float","0.4983","# Ortalama Test Accuracy : 0.4983"
"PROJE_ADIMLAR.txt","1034","Float","0.6757","# Makale ortalaması      : 0.6757"
"PROJE_ADIMLAR.txt","1035","Float","0.1774","# Fark                   : 0.1774 (piyasa farklılığı)"
"PROJE_ADIMLAR.txt","1069","Percentage","%50","#   - P-value: binom testi (rastgele %50'den anlamlı mı?)"
"PROJE_ADIMLAR.txt","1080","Float","0.5225","# hist_tech     | 0.5225  | 0.5476  | -0.0251"
"PROJE_ADIMLAR.txt","1080","Float","0.5476","# hist_tech     | 0.5225  | 0.5476  | -0.0251"
"PROJE_ADIMLAR.txt","1080","Float","0.0251","# hist_tech     | 0.5225  | 0.5476  | -0.0251"
"PROJE_ADIMLAR.txt","1081","Float","0.5285","# technical     | 0.5285  | 0.6693  | -0.1408  ← En büyük fark"
"PROJE_ADIMLAR.txt","1081","Float","0.6693","# technical     | 0.5285  | 0.6693  | -0.1408  ← En büyük fark"
"PROJE_ADIMLAR.txt","1081","Float","0.1408","# technical     | 0.5285  | 0.6693  | -0.1408  ← En büyük fark"
"PROJE_ADIMLAR.txt","1082","Float","0.6153","# historical    | 0.6153  | 0.5532  | +0.0621  ← Bizde daha iyi (!)"
"PROJE_ADIMLAR.txt","1082","Float","0.5532","# historical    | 0.6153  | 0.5532  | +0.0621  ← Bizde daha iyi (!)"
"PROJE_ADIMLAR.txt","1082","Float","0.0621","# historical    | 0.6153  | 0.5532  | +0.0621  ← Bizde daha iyi (!)"
"PROJE_ADIMLAR.txt","1083","Float","0.6678","# closing       | 0.6678  | 0.5454  | +0.1224  ← Bizde çok daha iyi (!)"
"PROJE_ADIMLAR.txt","1083","Float","0.5454","# closing       | 0.6678  | 0.5454  | +0.1224  ← Bizde çok daha iyi (!)"
"PROJE_ADIMLAR.txt","1083","Float","0.1224","# closing       | 0.6678  | 0.5454  | +0.1224  ← Bizde çok daha iyi (!)"
"PROJE_ADIMLAR.txt","1098","Percentage","%67","# anlamına gelir. %67-74 gibi görünen accuracy, aslında test"
"PROJE_ADIMLAR.txt","1104","Percentage","%52","#   - Ama accuracy düşük (%52-53)"
"PROJE_ADIMLAR.txt","1124","Float","0.5311","# 1 gün   | 0.5311   | 0.5285             | 0.5263"
"PROJE_ADIMLAR.txt","1124","Float","0.5285","# 1 gün   | 0.5311   | 0.5285             | 0.5263"
"PROJE_ADIMLAR.txt","1124","Float","0.5263","# 1 gün   | 0.5311   | 0.5285             | 0.5263"
"PROJE_ADIMLAR.txt","1125","Float","0.7393","# 3 gün   | 0.7393   | 0.5756             | 0.5110"
"PROJE_ADIMLAR.txt","1125","Float","0.5756","# 3 gün   | 0.7393   | 0.5756             | 0.5110"
"PROJE_ADIMLAR.txt","1125","Float","0.5110","# 3 gün   | 0.7393   | 0.5756             | 0.5110"
"PROJE_ADIMLAR.txt","1126","Float","0.7973","# 5 gün   | 0.7973   | 0.5473             | 0.4922"
"PROJE_ADIMLAR.txt","1126","Float","0.5473","# 5 gün   | 0.7973   | 0.5473             | 0.4922"
"PROJE_ADIMLAR.txt","1126","Float","0.4922","# 5 gün   | 0.7973   | 0.5473             | 0.4922"
"PROJE_ADIMLAR.txt","1141","Float","0.5756","#   Mean Acc: 0.5756 | SD: 0.0192 | p=0.0016"
"PROJE_ADIMLAR.txt","1141","Float","0.0192","#   Mean Acc: 0.5756 | SD: 0.0192 | p=0.0016"
"PROJE_ADIMLAR.txt","1141","Float","0.0016","#   Mean Acc: 0.5756 | SD: 0.0192 | p=0.0016"
"PROJE_ADIMLAR.txt","1142","Float","0.5742","#   Sensitivity: 0.5742 | Specificity: 0.6000"
"PROJE_ADIMLAR.txt","1142","Float","0.6000","#   Sensitivity: 0.5742 | Specificity: 0.6000"
"PROJE_ADIMLAR.txt","1146","Float","0.5263","#   Mean Acc: 0.5263 | SD: 0.0087 | p=0.1142"
"PROJE_ADIMLAR.txt","1146","Float","0.0087","#   Mean Acc: 0.5263 | SD: 0.0087 | p=0.1142"
"PROJE_ADIMLAR.txt","1146","Float","0.1142","#   Mean Acc: 0.5263 | SD: 0.0087 | p=0.1142"
"PROJE_ADIMLAR.txt","1147","Float","0.5066","#   Sensitivity: 0.5066 | Specificity: 0.5658"
"PROJE_ADIMLAR.txt","1147","Float","0.5658","#   Sensitivity: 0.5066 | Specificity: 0.5658"
"PROJE_ADIMLAR.txt","1155","Percentage","%82.22","#   - En iyi model: LSTM + technical, Input=2, Output=5 → %82.22"
"PROJE_ADIMLAR.txt","1160","Percentage","%58.15","#   - En iyi gerçek öğrenme: technical, Input=2, Output=3 → %58.15"
"PROJE_ADIMLAR.txt","1162","Percentage","%82.22","#   - Fark: %82.22 vs %58.15 = 24 puanlık düşüş"
"PROJE_ADIMLAR.txt","1162","Percentage","%58.15","#   - Fark: %82.22 vs %58.15 = 24 puanlık düşüş"
"PROJE_ADIMLAR.txt","1179","Percentage","%66.93","#  teknik göstergelerle %66.93 ortalama, en iyi konfigürasyonda"
"PROJE_ADIMLAR.txt","1180","Percentage","%82.22","#  %82.22 test doğruluğu elde etmiştir. Aynı metodoloji THYAO"
"PROJE_ADIMLAR.txt","1181","Percentage","%52.85","#  hissesine uygulandığında teknik göstergelerle %52.85 ortalama,"
"PROJE_ADIMLAR.txt","1182","Percentage","%58.15","#  en iyi konfigürasyonda %58.15 elde edilmiştir. Bu fark,"
"PROJE_ADIMLAR.txt","1197","Percentage","%58.15","# En iyi gerçek     : technical, Input=2, Output=3 → %58.15"
"PROJE_ADIMLAR.txt","1198","Percentage","%82.22","# Makale en iyi     : technical, Input=2, Output=5 → %82.22"
"PROJE_ADIMLAR.txt","1233","Float","0.4928","# hist_tech     | 0.4928  | 0.5823  | -0.0895"
"PROJE_ADIMLAR.txt","1233","Float","0.5823","# hist_tech     | 0.4928  | 0.5823  | -0.0895"
"PROJE_ADIMLAR.txt","1233","Float","0.0895","# hist_tech     | 0.4928  | 0.5823  | -0.0895"
"PROJE_ADIMLAR.txt","1234","Float","0.4955","# technical     | 0.4955  | 0.5810  | -0.0855"
"PROJE_ADIMLAR.txt","1234","Float","0.5810","# technical     | 0.4955  | 0.5810  | -0.0855"
"PROJE_ADIMLAR.txt","1234","Float","0.0855","# technical     | 0.4955  | 0.5810  | -0.0855"
"PROJE_ADIMLAR.txt","1235","Float","0.4956","# historical    | 0.4956  | 0.5680  | -0.0724"
"PROJE_ADIMLAR.txt","1235","Float","0.5680","# historical    | 0.4956  | 0.5680  | -0.0724"
"PROJE_ADIMLAR.txt","1235","Float","0.0724","# historical    | 0.4956  | 0.5680  | -0.0724"
"PROJE_ADIMLAR.txt","1236","Float","0.4898","# closing       | 0.4898  | 0.5808  | -0.0910"
"PROJE_ADIMLAR.txt","1236","Float","0.5808","# closing       | 0.4898  | 0.5808  | -0.0910"
"PROJE_ADIMLAR.txt","1236","Float","0.0910","# closing       | 0.4898  | 0.5808  | -0.0910"
"PROJE_ADIMLAR.txt","1250","Float","0.6705","#   closing, Input=6, Output=3 → Acc=0.6705, SD=0, Spec=0"
"PROJE_ADIMLAR.txt","1251","Float","0.7356","#   closing, Input=6, Output=5 → Acc=0.7356, SD=0, Spec=0"
"PROJE_ADIMLAR.txt","1270","Float","0.5397","#   Mean Acc: 0.5397 | SD: 0.0123"
"PROJE_ADIMLAR.txt","1270","Float","0.0123","#   Mean Acc: 0.5397 | SD: 0.0123"
"PROJE_ADIMLAR.txt","1271","Float","0.3333","#   Sensitivity: 0.3333 | Specificity: 0.7432"
"PROJE_ADIMLAR.txt","1271","Float","0.7432","#   Sensitivity: 0.3333 | Specificity: 0.7432"
"PROJE_ADIMLAR.txt","1281","Percentage","%58.24","#   - CNN genel ortalama: %58.24"
"PROJE_ADIMLAR.txt","1282","Percentage","%58","#   - CNN < LSTM (makale: %58 vs %67)"
"PROJE_ADIMLAR.txt","1282","Percentage","%67","#   - CNN < LSTM (makale: %58 vs %67)"
"PROJE_ADIMLAR.txt","1286","Percentage","%53.86","#   - CNN genel ortalama: %53.86"
"PROJE_ADIMLAR.txt","1287","Percentage","%54","#   - CNN < LSTM (bizde: %54 vs %56 gerçek öğrenme)"
"PROJE_ADIMLAR.txt","1287","Percentage","%56","#   - CNN < LSTM (bizde: %54 vs %56 gerçek öğrenme)"
"PROJE_ADIMLAR.txt","1288","Percentage","%54","#   - CNN ≈ ARIMA (%54 vs %67 — ARIMA üstün)"
"PROJE_ADIMLAR.txt","1288","Percentage","%67","#   - CNN ≈ ARIMA (%54 vs %67 — ARIMA üstün)"
"PROJE_ADIMLAR.txt","1292","Percentage","%67","#   Makale: LSTM (%67) > CNN (%58) > ARIMA (%68*)"
"PROJE_ADIMLAR.txt","1292","Percentage","%58","#   Makale: LSTM (%67) > CNN (%58) > ARIMA (%68*)"
"PROJE_ADIMLAR.txt","1292","Percentage","%68","#   Makale: LSTM (%67) > CNN (%58) > ARIMA (%68*)"
"PROJE_ADIMLAR.txt","1293","Percentage","%71","#   Bizde:  LSTM (%71*) > CNN (%69*) > ARIMA (%67)"
"PROJE_ADIMLAR.txt","1293","Percentage","%69","#   Bizde:  LSTM (%71*) > CNN (%69*) > ARIMA (%67)"
"PROJE_ADIMLAR.txt","1293","Percentage","%67","#   Bizde:  LSTM (%71*) > CNN (%69*) > ARIMA (%67)"
"PROJE_ADIMLAR.txt","1300","Percentage","%69.16","# En iyi gerçek     : technical, Input=6, Output=5 → %69.16"
"PROJE_ADIMLAR.txt","1301","Percentage","%58.10","# Makale en iyi CNN : technical → %58.10"
"PROJE_ADIMLAR.txt","1315","Float","0.5134","# ARIMA      |   0.5134 (tüm setler için aynı — sadece Close kullanır)"
"PROJE_ADIMLAR.txt","1316","Float","0.5054","# LSTM       |   0.5054  |   0.5052  |   0.4966   | 0.5071*"
"PROJE_ADIMLAR.txt","1316","Float","0.5052","# LSTM       |   0.5054  |   0.5052  |   0.4966   | 0.5071*"
"PROJE_ADIMLAR.txt","1316","Float","0.4966","# LSTM       |   0.5054  |   0.5052  |   0.4966   | 0.5071*"
"PROJE_ADIMLAR.txt","1316","Float","0.5071","# LSTM       |   0.5054  |   0.5052  |   0.4966   | 0.5071*"
"PROJE_ADIMLAR.txt","1317","Float","0.4928","# CNN        |   0.4928  |   0.4955  |   0.4956   | 0.4898*"
"PROJE_ADIMLAR.txt","1317","Float","0.4955","# CNN        |   0.4928  |   0.4955  |   0.4956   | 0.4898*"
"PROJE_ADIMLAR.txt","1317","Float","0.4956","# CNN        |   0.4928  |   0.4955  |   0.4956   | 0.4898*"
"PROJE_ADIMLAR.txt","1317","Float","0.4898","# CNN        |   0.4928  |   0.4955  |   0.4956   | 0.4898*"
"PROJE_ADIMLAR.txt","1318","Float","0.5476","# Makale LSTM|   0.5476  |   0.6693  |   0.5532   | 0.5454"
"PROJE_ADIMLAR.txt","1318","Float","0.6693","# Makale LSTM|   0.5476  |   0.6693  |   0.5532   | 0.5454"
"PROJE_ADIMLAR.txt","1318","Float","0.5532","# Makale LSTM|   0.5476  |   0.6693  |   0.5532   | 0.5454"
"PROJE_ADIMLAR.txt","1318","Float","0.5454","# Makale LSTM|   0.5476  |   0.6693  |   0.5532   | 0.5454"
"PROJE_ADIMLAR.txt","1319","Float","0.5823","# Makale CNN |   0.5823  |   0.5810  |   0.5680   | 0.5808"
"PROJE_ADIMLAR.txt","1319","Float","0.5810","# Makale CNN |   0.5823  |   0.5810  |   0.5680   | 0.5808"
"PROJE_ADIMLAR.txt","1319","Float","0.5680","# Makale CNN |   0.5823  |   0.5810  |   0.5680   | 0.5808"
"PROJE_ADIMLAR.txt","1319","Float","0.5808","# Makale CNN |   0.5823  |   0.5810  |   0.5680   | 0.5808"
"PROJE_ADIMLAR.txt","1324","Percentage","%48.09","#   Output=1: %48.09 (modeller bunu geçiyor — gerçek katkı)"
"PROJE_ADIMLAR.txt","1325","Percentage","%74.03","#   Output=3: %74.03 (modeller bunu geçemiyor)"
"PROJE_ADIMLAR.txt","1326","Percentage","%81.56","#   Output=5: %81.56 (modeller bunu geçemiyor)"
"PROJE_ADIMLAR.txt","1334","Percentage","%49.83","#   1. ARIMA makaleye göre düşük (%49.83 vs %67.57) — piyasa farkı"
"PROJE_ADIMLAR.txt","1334","Percentage","%67.57","#   1. ARIMA makaleye göre düşük (%49.83 vs %67.57) — piyasa farkı"
"PROJE_ADIMLAR.txt","1414","MCCount","70/15","# Veri bölme: Train=191, Val=41, Test=42 (%70/15/15)"
"PROJE_ADIMLAR.txt","1416","Percentage","%100.0","#   ALZ: %100.0 yükseliş (tüm hafta)"
"PROJE_ADIMLAR.txt","1417","Percentage","%67.8","#   AZS: %67.8 yükseliş"
"PROJE_ADIMLAR.txt","1418","Percentage","%60.8","#   AMZ: %60.8 yükseliş (en dengeli)"
"PROJE_ADIMLAR.txt","1427","Percentage","%100.0","# ARIMA  : %100.0 (tüm konfigürasyonlar)"
"PROJE_ADIMLAR.txt","1428","Percentage","%100.0","# LSTM   : %100.0 (full ve closing), %98.5 (technical)"
"PROJE_ADIMLAR.txt","1428","Percentage","%98.5","# LSTM   : %100.0 (full ve closing), %98.5 (technical)"
"PROJE_ADIMLAR.txt","1429","Percentage","%100.0","# CNN    : %100.0 (tüm setler)"
"PROJE_ADIMLAR.txt","1430","Percentage","%100.0","# Naive  : %100.0"
"PROJE_ADIMLAR.txt","1440","Percentage","%69.23","# ARIMA  : %69.23 maksimum"
"PROJE_ADIMLAR.txt","1441","Percentage","%68.9","# LSTM   : closing %68.9 ort, en iyi %73.5 (In=6,Out=3)"
"PROJE_ADIMLAR.txt","1441","Percentage","%73.5","# LSTM   : closing %68.9 ort, en iyi %73.5 (In=6,Out=3)"
"PROJE_ADIMLAR.txt","1442","Percentage","%64.2","#          full %64.2 ort, technical %56.5 ort"
"PROJE_ADIMLAR.txt","1442","Percentage","%56.5","#          full %64.2 ort, technical %56.5 ort"
"PROJE_ADIMLAR.txt","1443","Percentage","%68.9","# CNN    : closing %68.9 ort, en iyi %73.5 (In=6,Out=3)"
"PROJE_ADIMLAR.txt","1443","Percentage","%73.5","# CNN    : closing %68.9 ort, en iyi %73.5 (In=6,Out=3)"
"PROJE_ADIMLAR.txt","1444","Percentage","%65.9","#          full %65.9 ort, technical %63.2 ort"
"PROJE_ADIMLAR.txt","1444","Percentage","%63.2","#          full %65.9 ort, technical %63.2 ort"
"PROJE_ADIMLAR.txt","1445","Percentage","%70.7","# Naive  : Out=1 %70.7, Out=3 %79.5, Out=5 %89.2"
"PROJE_ADIMLAR.txt","1445","Percentage","%79.5","# Naive  : Out=1 %70.7, Out=3 %79.5, Out=5 %89.2"
"PROJE_ADIMLAR.txt","1445","Percentage","%89.2","# Naive  : Out=1 %70.7, Out=3 %79.5, Out=5 %89.2"
"PROJE_ADIMLAR.txt","1451","Percentage","%81.08","# ARIMA  : %81.08 maksimum (Output=5)"
"PROJE_ADIMLAR.txt","1452","Percentage","%69.7","# LSTM   : closing %69.7 ort, en iyi %80.6* (In=2,Out=5)"
"PROJE_ADIMLAR.txt","1452","Percentage","%80.6","# LSTM   : closing %69.7 ort, en iyi %80.6* (In=2,Out=5)"
"PROJE_ADIMLAR.txt","1453","Percentage","%68.2","# CNN    : closing %68.2 ort, en iyi %80.6* (In=2,Out=5)"
"PROJE_ADIMLAR.txt","1453","Percentage","%80.6","# CNN    : closing %68.2 ort, en iyi %80.6* (In=2,Out=5)"
"PROJE_ADIMLAR.txt","1454","Percentage","%77.8","#          technical gerçek en iyi %77.8 (In=2,Out=5)"
"PROJE_ADIMLAR.txt","1455","Percentage","%68.3","# Naive  : Out=1 %68.3, Out=3 %84.6, Out=5 %86.5"
"PROJE_ADIMLAR.txt","1455","Percentage","%84.6","# Naive  : Out=1 %68.3, Out=3 %84.6, Out=5 %86.5"
"PROJE_ADIMLAR.txt","1455","Percentage","%86.5","# Naive  : Out=1 %68.3, Out=3 %84.6, Out=5 %86.5"
"PROJE_ADIMLAR.txt","1457","Percentage","%80.6","# * %80.6 lar Spec=0 (majority class illüzyonu)"
"PROJE_ADIMLAR.txt","1520","Percentage","%96.97","# ARIMA: 8/9 konfigürasyonda %100.00 | 1 konfigürasyon %96.97"
"PROJE_ADIMLAR.txt","1521","Percentage","%96.97","#        Input=6, Output=1 → %96.97 | Best_d=0 (tüm kombo)"
"PROJE_ADIMLAR.txt","1525","Percentage","%93","#       Accuracy: %93-100 (anlamlı değil)"
"PROJE_ADIMLAR.txt","1529","Percentage","%95","#       Accuracy: %95-100 | MC sayısı: 27/27"
"PROJE_ADIMLAR.txt","1545","Percentage","%60","# Sınıf dengesi (test): ~%60-65 yükseliş"
"PROJE_ADIMLAR.txt","1548","Percentage","%80.65","#   En iyi: Output=5 → %80.65 (In=2 ve In=6, Best_d=0)"
"PROJE_ADIMLAR.txt","1549","Percentage","%57.58","#   En kötü: In=4, Out=3 → %57.58"
"PROJE_ADIMLAR.txt","1550","Percentage","%74.29","#   In=6, Out=1: %74.29 (Best_d=1) — ARIMA d=1 buldu"
"PROJE_ADIMLAR.txt","1551","Percentage","%69.23","#   Eski vs güncel: %69.23 → %80.65 (+11.42) ↑"
"PROJE_ADIMLAR.txt","1551","Percentage","%80.65","#   Eski vs güncel: %69.23 → %80.65 (+11.42) ↑"
"PROJE_ADIMLAR.txt","1555","Percentage","%68.89","#     Mean=68.89%, SD=0.084, Spec=0.667 → gerçek öğrenme!"
"PROJE_ADIMLAR.txt","1555","Float","0.084","#     Mean=68.89%, SD=0.084, Spec=0.667 → gerçek öğrenme!"
"PROJE_ADIMLAR.txt","1555","Float","0.667","#     Mean=68.89%, SD=0.084, Spec=0.667 → gerçek öğrenme!"
"PROJE_ADIMLAR.txt","1556","Percentage","%66.67","#   full, Input=4, Output=5: 66.67%, Spec=0.600"
"PROJE_ADIMLAR.txt","1556","Float","0.600","#   full, Input=4, Output=5: 66.67%, Spec=0.600"
"PROJE_ADIMLAR.txt","1557","Percentage","%58.89","#   full, Input=6, Output=1: 58.89%, Spec=0.667"
"PROJE_ADIMLAR.txt","1557","Float","0.667","#   full, Input=6, Output=1: 58.89%, Spec=0.667"
"PROJE_ADIMLAR.txt","1565","Percentage","%75.56","#     Mean=75.56%, SD=0.069, Spec=0.625 → gerçek öğrenme!"
"PROJE_ADIMLAR.txt","1565","Float","0.069","#     Mean=75.56%, SD=0.069, Spec=0.625 → gerçek öğrenme!"
"PROJE_ADIMLAR.txt","1565","Float","0.625","#     Mean=75.56%, SD=0.069, Spec=0.625 → gerçek öğrenme!"
"PROJE_ADIMLAR.txt","1566","Percentage","%54.17","#   technical, Input=2, Output=3: 54.17%, Spec=0.667"
"PROJE_ADIMLAR.txt","1566","Float","0.667","#   technical, Input=2, Output=3: 54.17%, Spec=0.667"
"PROJE_ADIMLAR.txt","1567","Percentage","%65.56","#   full, Input=2, Output=5: 65.56%, Spec=0.667"
"PROJE_ADIMLAR.txt","1567","Float","0.667","#   full, Input=2, Output=5: 65.56%, Spec=0.667"
"PROJE_ADIMLAR.txt","1573","Percentage","%60.00","# Naive: Out=1 %60.00 | Out=3 %84.85 | Out=5 %90.32"
"PROJE_ADIMLAR.txt","1573","Percentage","%84.85","# Naive: Out=1 %60.00 | Out=3 %84.85 | Out=5 %90.32"
"PROJE_ADIMLAR.txt","1573","Percentage","%90.32","# Naive: Out=1 %60.00 | Out=3 %84.85 | Out=5 %90.32"
"PROJE_ADIMLAR.txt","1578","Percentage","%69.23","#   ARIMA max  | %69.23  | %80.65  | +11.42 ↑"
"PROJE_ADIMLAR.txt","1578","Percentage","%80.65","#   ARIMA max  | %69.23  | %80.65  | +11.42 ↑"
"PROJE_ADIMLAR.txt","1579","Percentage","%73.5","#   LSTM max   | %73.5   | %68.89  | -4.61  ↓"
"PROJE_ADIMLAR.txt","1579","Percentage","%68.89","#   LSTM max   | %73.5   | %68.89  | -4.61  ↓"
"PROJE_ADIMLAR.txt","1580","Percentage","%73.5","#   CNN max    | %73.5   | %75.56  | +2.06  ↑"
"PROJE_ADIMLAR.txt","1580","Percentage","%75.56","#   CNN max    | %73.5   | %75.56  | +2.06  ↑"
"PROJE_ADIMLAR.txt","1581","Percentage","%89.2","#   Naive max  | %89.2   | %90.32  | +1.12  ↑"
"PROJE_ADIMLAR.txt","1581","Percentage","%90.32","#   Naive max  | %89.2   | %90.32  | +1.12  ↑"
"PROJE_ADIMLAR.txt","1586","Percentage","%80.65","# ""Orta riskli AZS fonunda ARIMA %80.65 ile güçlü performans"
"PROJE_ADIMLAR.txt","1587","Percentage","%75.56","#  gösterdi. CNN, technical setinde %75.56 ile gerçek öğrenme"
"PROJE_ADIMLAR.txt","1588","Float","0.625","#  elde etti (Spec=0.625). CNN < LSTM (MC sayısı) bulgusu bu"
"PROJE_ADIMLAR.txt","1596","Percentage","%57","# Sınıf dengesi (test): ~%57-60 yükseliş (en dengeli)"
"PROJE_ADIMLAR.txt","1600","Percentage","%71.43","#     Out=1: %71.43 | Out=3: %78.79 | Out=5: %80.65"
"PROJE_ADIMLAR.txt","1600","Percentage","%78.79","#     Out=1: %71.43 | Out=3: %78.79 | Out=5: %80.65"
"PROJE_ADIMLAR.txt","1600","Percentage","%80.65","#     Out=1: %71.43 | Out=3: %78.79 | Out=5: %80.65"
"PROJE_ADIMLAR.txt","1602","Percentage","%81.08","#   Eski vs güncel: %81.08 → %80.65 (-0.43) ↓"
"PROJE_ADIMLAR.txt","1602","Percentage","%80.65","#   Eski vs güncel: %81.08 → %80.65 (-0.43) ↓"
"PROJE_ADIMLAR.txt","1602","Float","0.43","#   Eski vs güncel: %81.08 → %80.65 (-0.43) ↓"
"PROJE_ADIMLAR.txt","1607","Percentage","%80.21","#     Mean=80.21%, SD=0.072, Spec=0.857"
"PROJE_ADIMLAR.txt","1607","Float","0.072","#     Mean=80.21%, SD=0.072, Spec=0.857"
"PROJE_ADIMLAR.txt","1607","Float","0.857","#     Mean=80.21%, SD=0.072, Spec=0.857"
"PROJE_ADIMLAR.txt","1608","Percentage","%84.38","#     Seed_23: 84.38% | Seed_27: 71.88% | Seed_98: 84.38%"
"PROJE_ADIMLAR.txt","1608","Percentage","%71.88","#     Seed_23: 84.38% | Seed_27: 71.88% | Seed_98: 84.38%"
"PROJE_ADIMLAR.txt","1608","Percentage","%84.38","#     Seed_23: 84.38% | Seed_27: 71.88% | Seed_98: 84.38%"
"PROJE_ADIMLAR.txt","1612","Percentage","%77.38","#   technical, Input=4, Output=5: 77.38%, Spec=0.167"
"PROJE_ADIMLAR.txt","1612","Float","0.167","#   technical, Input=4, Output=5: 77.38%, Spec=0.167"
"PROJE_ADIMLAR.txt","1613","Percentage","%69.61","#   technical, Input=2, Output=1: 69.61%, Spec=0.700"
"PROJE_ADIMLAR.txt","1613","Float","0.700","#   technical, Input=2, Output=1: 69.61%, Spec=0.700"
"PROJE_ADIMLAR.txt","1614","Percentage","%60.00","#   technical, Input=2, Output=5: 60.00%, Spec=0.667"
"PROJE_ADIMLAR.txt","1614","Float","0.667","#   technical, Input=2, Output=5: 60.00%, Spec=0.667"
"PROJE_ADIMLAR.txt","1622","Percentage","%80.6","#     Eski max %80.6: Spec=0 (majority class illüzyonu!)"
"PROJE_ADIMLAR.txt","1623","Percentage","%80.21","#     Güncel max %80.21: Spec=0.857 (gerçek öğrenme!)"
"PROJE_ADIMLAR.txt","1623","Float","0.857","#     Güncel max %80.21: Spec=0.857 (gerçek öğrenme!)"
"PROJE_ADIMLAR.txt","1628","Percentage","%74.36","#     Mean=74.36%, SD=0.083, Spec=0.333"
"PROJE_ADIMLAR.txt","1628","Float","0.083","#     Mean=74.36%, SD=0.083, Spec=0.333"
"PROJE_ADIMLAR.txt","1628","Float","0.333","#     Mean=74.36%, SD=0.083, Spec=0.333"
"PROJE_ADIMLAR.txt","1629","Percentage","%73.81","#   technical, Input=4, Output=5: 73.81%, Spec=0.167"
"PROJE_ADIMLAR.txt","1629","Float","0.167","#   technical, Input=4, Output=5: 73.81%, Spec=0.167"
"PROJE_ADIMLAR.txt","1630","Percentage","%72.92","#   technical, Input=2, Output=3: 72.92%, Spec=0.286"
"PROJE_ADIMLAR.txt","1630","Float","0.286","#   technical, Input=2, Output=3: 72.92%, Spec=0.286"
"PROJE_ADIMLAR.txt","1631","Percentage","%60.42","#   full, Input=4, Output=1: 60.42%, Spec=0.667"
"PROJE_ADIMLAR.txt","1631","Float","0.667","#   full, Input=4, Output=1: 60.42%, Spec=0.667"
"PROJE_ADIMLAR.txt","1636","Percentage","%60.00","# Naive: Out=1 %60.00 | Out=3 %78.79 | Out=5 %83.87"
"PROJE_ADIMLAR.txt","1636","Percentage","%78.79","# Naive: Out=1 %60.00 | Out=3 %78.79 | Out=5 %83.87"
"PROJE_ADIMLAR.txt","1636","Percentage","%83.87","# Naive: Out=1 %60.00 | Out=3 %78.79 | Out=5 %83.87"
"PROJE_ADIMLAR.txt","1637","Percentage","%80.21","# ÖNEMLİ: AMZ LSTM %80.21 (Out=3) > Naive %78.79 (Out=3)"
"PROJE_ADIMLAR.txt","1637","Percentage","%78.79","# ÖNEMLİ: AMZ LSTM %80.21 (Out=3) > Naive %78.79 (Out=3)"
"PROJE_ADIMLAR.txt","1643","Percentage","%81.08","#   ARIMA max   | %81.08  | %80.65  | -0.43  ↓"
"PROJE_ADIMLAR.txt","1643","Percentage","%80.65","#   ARIMA max   | %81.08  | %80.65  | -0.43  ↓"
"PROJE_ADIMLAR.txt","1643","Float","0.43","#   ARIMA max   | %81.08  | %80.65  | -0.43  ↓"
"PROJE_ADIMLAR.txt","1644","Percentage","%80.6","#   LSTM max*   | %80.6*  | %80.21  | ~0     ≈"
"PROJE_ADIMLAR.txt","1644","Percentage","%80.21","#   LSTM max*   | %80.6*  | %80.21  | ~0     ≈"
"PROJE_ADIMLAR.txt","1645","Percentage","%80.6","#   CNN max*    | %80.6*  | %74.36  | -6.24  ↓"
"PROJE_ADIMLAR.txt","1645","Percentage","%74.36","#   CNN max*    | %80.6*  | %74.36  | -6.24  ↓"
"PROJE_ADIMLAR.txt","1646","Percentage","%86.5","#   Naive max   | %86.5   | %83.87  | -2.63  ↓"
"PROJE_ADIMLAR.txt","1646","Percentage","%83.87","#   Naive max   | %86.5   | %83.87  | -2.63  ↓"
"PROJE_ADIMLAR.txt","1650","Float","0.857","#   Güncel LSTM max Spec=0.857 → illüzyon değil, gerçek öğrenme"
"PROJE_ADIMLAR.txt","1655","Percentage","%80.21","#  elde etti. Maksimum doğruluk %80.21 olup Spec=0.857 ile"
"PROJE_ADIMLAR.txt","1655","Float","0.857","#  elde etti. Maksimum doğruluk %80.21 olup Spec=0.857 ile"
"PROJE_ADIMLAR.txt","1669","Percentage","%80.65","# AZS  | Orta   | %80.65 | %68.89 | %75.56 | %90.32"
"PROJE_ADIMLAR.txt","1669","Percentage","%68.89","# AZS  | Orta   | %80.65 | %68.89 | %75.56 | %90.32"
"PROJE_ADIMLAR.txt","1669","Percentage","%75.56","# AZS  | Orta   | %80.65 | %68.89 | %75.56 | %90.32"
"PROJE_ADIMLAR.txt","1669","Percentage","%90.32","# AZS  | Orta   | %80.65 | %68.89 | %75.56 | %90.32"
"PROJE_ADIMLAR.txt","1670","Percentage","%80.65","# AMZ  | Yüksek | %80.65 | %80.21 | %74.36 | %83.87"
"PROJE_ADIMLAR.txt","1670","Percentage","%80.21","# AMZ  | Yüksek | %80.65 | %80.21 | %74.36 | %83.87"
"PROJE_ADIMLAR.txt","1670","Percentage","%74.36","# AMZ  | Yüksek | %80.65 | %80.21 | %74.36 | %83.87"
"PROJE_ADIMLAR.txt","1670","Percentage","%83.87","# AMZ  | Yüksek | %80.65 | %80.21 | %74.36 | %83.87"
"PROJE_ADIMLAR.txt","1680","Percentage","%75.56","#   AZS (orta)  → kısmi gerçek öğrenme → CNN %75.56 Spec=0.625"
"PROJE_ADIMLAR.txt","1680","Float","0.625","#   AZS (orta)  → kısmi gerçek öğrenme → CNN %75.56 Spec=0.625"
"PROJE_ADIMLAR.txt","1681","Percentage","%80.21","#   AMZ (yüksek)→ güçlü gerçek öğrenme → LSTM %80.21 Spec=0.857"
"PROJE_ADIMLAR.txt","1681","Float","0.857","#   AMZ (yüksek)→ güçlü gerçek öğrenme → LSTM %80.21 Spec=0.857"
"PROJE_ADIMLAR.txt","1695","Percentage","%80.65","# AZS : ARIMA %80.65, CNN %75.56 Spec=0.625 (gerçek öğrenme)"
"PROJE_ADIMLAR.txt","1695","Percentage","%75.56","# AZS : ARIMA %80.65, CNN %75.56 Spec=0.625 (gerçek öğrenme)"
"PROJE_ADIMLAR.txt","1695","Float","0.625","# AZS : ARIMA %80.65, CNN %75.56 Spec=0.625 (gerçek öğrenme)"
"PROJE_ADIMLAR.txt","1696","Percentage","%80.21","# AMZ : LSTM %80.21 Spec=0.857 ← PROJENİN EN GÜÇLÜ BULGUS!"
"PROJE_ADIMLAR.txt","1696","Float","0.857","# AMZ : LSTM %80.21 Spec=0.857 ← PROJENİN EN GÜÇLÜ BULGUS!"
"PROJE_ADIMLAR.txt","1726","Percentage","%80.21","#   - AMZ LSTM full: %80.21 Spec=0.857 gerçek öğrenme"
"PROJE_ADIMLAR.txt","1726","Float","0.857","#   - AMZ LSTM full: %80.21 Spec=0.857 gerçek öğrenme"
"PROJE_ADIMLAR.txt","1741","Percentage","%66.72","#   [x] ARIMA eski ort. düzeltildi (%66.72 → %49.83)"
"PROJE_ADIMLAR.txt","1741","Percentage","%49.83","#   [x] ARIMA eski ort. düzeltildi (%66.72 → %49.83)"
"PROJE_ADIMLAR.txt","1742","Percentage","%74.36","#   [x] AMZ CNN en iyi non-MC düzeltildi (closing In=6 Out=5 → %74.36)"
"PROJE_ADIMLAR.txt","1755","Percentage","%80.21","#   - BIST'teki hisselerin (fazla dış değişkene rağmen) stokastik gürültü yaratıp; Emeklilik Fonlarının (sadece fiyata rağmen) kurumsal atalet ve momentum yakalayarak başarılı (AMZ %80.21) olması raporlandı."
"PROJE_ADIMLAR.txt","1766","MCCount","7/27","#     Bu hata, AZS ve AMZ'de (10/27, 7/27 gibi) sayilari bozarak gercegi maskeledi."
"PROJE_ADIMLAR.txt","1856","Percentage","%80.21","#         + CSV tabanlı doğrulanmış sayılar (AMZ LSTM %80.21 vb.)"
"JURI_SAVUNMA_VE_BILINMESI_GEREKENLER.txt","22","Float","0.80","(JURI VURGUSU: Sadece [Sens=0 ve Spec=1] gibi ""kati"" bir MC tanimi uygulamak amator bir yontemdir. Zira model ornegin Sens=0.80, Spec=0 sonuclari uretirse; Sensitivity %100 olmamasina ragmen Specificity ""sifir""dir, yani model hala dususu 'hic' bilememektedir ve Majority Class'a cokmustur. Literatürde MC tanimi her zaman ""Genis"" uygulanmalidir. Hesaplamalarimiz bu yuzden salt Genis Tanim uzerindendir.)"
"JURI_SAVUNMA_VE_BILINMESI_GEREKENLER.txt","26","MCCount","0/27","THYAO CNN:  9/36 MC  (closing 9/9, diger 0/27)"
"JURI_SAVUNMA_VE_BILINMESI_GEREKENLER.txt","41","Percentage","%80","Ornek: %80 accuracy ama Specificity=0 ise"
"JURI_SAVUNMA_VE_BILINMESI_GEREKENLER.txt","54","Percentage","%55","Problem: Dengesiz sinif dagilimi (ornegin %55 yukselis, %45 dusus)"
"JURI_SAVUNMA_VE_BILINMESI_GEREKENLER.txt","54","Percentage","%45","Problem: Dengesiz sinif dagilimi (ornegin %55 yukselis, %45 dusus)"
"JURI_SAVUNMA_VE_BILINMESI_GEREKENLER.txt","63","MCCount","0/18","- hist_tech ve technical setleri 0/18 MC oldu"
"JURI_SAVUNMA_VE_BILINMESI_GEREKENLER.txt","75","Percentage","%49.83","ARIMA: %49.83 -> %51.34 (stabil, ~%50 etrafinda)"
"JURI_SAVUNMA_VE_BILINMESI_GEREKENLER.txt","75","Percentage","%51.34","ARIMA: %49.83 -> %51.34 (stabil, ~%50 etrafinda)"
"JURI_SAVUNMA_VE_BILINMESI_GEREKENLER.txt","75","Percentage","%50","ARIMA: %49.83 -> %51.34 (stabil, ~%50 etrafinda)"
"JURI_SAVUNMA_VE_BILINMESI_GEREKENLER.txt","76","Percentage","%55.83","LSTM tech: %55.83 -> %50.52 (%5.3 dusus)"
"JURI_SAVUNMA_VE_BILINMESI_GEREKENLER.txt","76","Percentage","%50.52","LSTM tech: %55.83 -> %50.52 (%5.3 dusus)"
"JURI_SAVUNMA_VE_BILINMESI_GEREKENLER.txt","76","Percentage","%5.3","LSTM tech: %55.83 -> %50.52 (%5.3 dusus)"
"JURI_SAVUNMA_VE_BILINMESI_GEREKENLER.txt","77","Percentage","%56.79","CNN tech:  %56.79 -> %49.55 (%7.2 dusus)"
"JURI_SAVUNMA_VE_BILINMESI_GEREKENLER.txt","77","Percentage","%49.55","CNN tech:  %56.79 -> %49.55 (%7.2 dusus)"
"JURI_SAVUNMA_VE_BILINMESI_GEREKENLER.txt","77","Percentage","%7.2","CNN tech:  %56.79 -> %49.55 (%7.2 dusus)"
"JURI_SAVUNMA_VE_BILINMESI_GEREKENLER.txt","79","Percentage","%50","ARIMA zaten %50'deydi â€” kayip yasamadi."
"JURI_SAVUNMA_VE_BILINMESI_GEREKENLER.txt","80","Percentage","%55","Derin ogrenme (%55-57) ise %50'ye eridi = concept drift etkisi."
"JURI_SAVUNMA_VE_BILINMESI_GEREKENLER.txt","80","Percentage","%50","Derin ogrenme (%55-57) ise %50'ye eridi = concept drift etkisi."
"JURI_SAVUNMA_VE_BILINMESI_GEREKENLER.txt","81","Percentage","%67.57","Makale ARIMA (NASDAQ100): %67.57 â€” gelismis piyasa avantaji."
"JURI_SAVUNMA_VE_BILINMESI_GEREKENLER.txt","87","Percentage","%50","ARIMA iki donemde de zaten random walk (%50) seviyesindeydi."
"JURI_SAVUNMA_VE_BILINMESI_GEREKENLER.txt","90","Percentage","%55","eskiden %55-57 alan ama piyasa bozulunca ARIMA seviyesine (%50)"
"JURI_SAVUNMA_VE_BILINMESI_GEREKENLER.txt","90","Percentage","%50","eskiden %55-57 alan ama piyasa bozulunca ARIMA seviyesine (%50)"
"JURI_SAVUNMA_VE_BILINMESI_GEREKENLER.txt","99","Percentage","%79.73","THYAO Naive Out=5: %79.73 > tum modeller"
"JURI_SAVUNMA_VE_BILINMESI_GEREKENLER.txt","100","Percentage","%90.32","AZS Naive Out=5:  %90.32 > tum modeller"
"JURI_SAVUNMA_VE_BILINMESI_GEREKENLER.txt","101","Percentage","%80.21","ISTISNA: AMZ LSTM Out=3 %80.21 > Naive %78.79"
"JURI_SAVUNMA_VE_BILINMESI_GEREKENLER.txt","101","Percentage","%78.79","ISTISNA: AMZ LSTM Out=3 %80.21 > Naive %78.79"
"JURI_SAVUNMA_VE_BILINMESI_GEREKENLER.txt","111","Percentage","%50","ve tahmin edilemez. Random walk = %50 accuracy beklenir."
"JURI_SAVUNMA_VE_BILINMESI_GEREKENLER.txt","114","Percentage","%50","- THYAO'da modeller %50-57 arasi = zayif tahmin gucu"
"JURI_SAVUNMA_VE_BILINMESI_GEREKENLER.txt","115","Percentage","%80.21","- Ama AMZ LSTM %80.21 = EMH'ye aykiri"
"JURI_SAVUNMA_VE_BILINMESI_GEREKENLER.txt","119","Percentage","%50","Bu arguman THYAO sonuclarinla celisir! THYAO'da %50 aliyorsun,"
"JURI_SAVUNMA_VE_BILINMESI_GEREKENLER.txt","124","Percentage","%50","- THYAO (bireysel hisse): %50'de = EMH gecerli, piyasa etkin."
"JURI_SAVUNMA_VE_BILINMESI_GEREKENLER.txt","127","Percentage","%80.21","- AMZ (emeklilik fonu): %80.21 = EMH'ye AYKIRI gozlem."
"JURI_SAVUNMA_VE_BILINMESI_GEREKENLER.txt","137","Percentage","%50","SORU: '%50 accuracy cok dusuk, model ise yaramiyor mu?'"
"JURI_SAVUNMA_VE_BILINMESI_GEREKENLER.txt","138","Percentage","%50","CEVAP: Hayir. Random walk hypothesis'e gore hisse yonu %50'ye yakin olmali."
"JURI_SAVUNMA_VE_BILINMESI_GEREKENLER.txt","139","Percentage","%55","%55+ gercek ogrenme isareti. AMZ LSTM %80.21 cok guclu."
"JURI_SAVUNMA_VE_BILINMESI_GEREKENLER.txt","139","Percentage","%80.21","%55+ gercek ogrenme isareti. AMZ LSTM %80.21 cok guclu."
"JURI_SAVUNMA_VE_BILINMESI_GEREKENLER.txt","192","Percentage","%79","SORU: 'Dunku kapanisi tahmin eden ""Naive Baseline"" yontemi neredeyse sizin yapay zekaniz kadar iyi (%79-%90). O halde bu kadar karmasik LSTM/CNN modelleri kurmaya ne gerek vardi?'"
"JURI_SAVUNMA_VE_BILINMESI_GEREKENLER.txt","192","Percentage","%90","SORU: 'Dunku kapanisi tahmin eden ""Naive Baseline"" yontemi neredeyse sizin yapay zekaniz kadar iyi (%79-%90). O halde bu kadar karmasik LSTM/CNN modelleri kurmaya ne gerek vardi?'"
"JURI_SAVUNMA_VE_BILINMESI_GEREKENLER.txt","193","Percentage","%80.21","CEVAP: Kısa vadeli tahmin uzayinda rastgeleyurutge (Random Walk) cok gucludur; bazen 'hicbir sey degismeyecek (no-change)' tahmini istatistiksel gercekliktir. Amacimiz modellerin Naive'i yok edecegini iddia etmek degil; derin ogrenmenin BIST gibi gurultulu ortamda nasil anlamsizlasirken, AMZ fonu gibi atalete sahip bir ortamda Naive'i (%80.21 > %78.79) asdigini kanitlamakti. Ise yaramazligi degil, hangi durumda calistigini gosterdik."
"JURI_SAVUNMA_VE_BILINMESI_GEREKENLER.txt","193","Percentage","%78.79","CEVAP: Kısa vadeli tahmin uzayinda rastgeleyurutge (Random Walk) cok gucludur; bazen 'hicbir sey degismeyecek (no-change)' tahmini istatistiksel gercekliktir. Amacimiz modellerin Naive'i yok edecegini iddia etmek degil; derin ogrenmenin BIST gibi gurultulu ortamda nasil anlamsizlasirken, AMZ fonu gibi atalete sahip bir ortamda Naive'i (%80.21 > %78.79) asdigini kanitlamakti. Ise yaramazligi degil, hangi durumda calistigini gosterdik."
"JURI_SAVUNMA_VE_BILINMESI_GEREKENLER.txt","236","Float","0.072","AMZ LSTM en iyi: SD=0.072 (makul, seed'den bagimsiz tutarli)"
"JURI_SAVUNMA_VE_BILINMESI_GEREKENLER.txt","259","Percentage","%55","PROBLEM: Dengesiz siniflar (ornegin %55 yukselis, %45 dusus)"
"JURI_SAVUNMA_VE_BILINMESI_GEREKENLER.txt","259","Percentage","%45","PROBLEM: Dengesiz siniflar (ornegin %55 yukselis, %45 dusus)"
"JURI_SAVUNMA_VE_BILINMESI_GEREKENLER.txt","263","Float","0.929","w_yukselis = 1300 / (2*700) = 0.929"
"JURI_SAVUNMA_VE_BILINMESI_GEREKENLER.txt","283","Percentage","%80.21","Accuracy: 0.8021 (80.21%)"
"JURI_SAVUNMA_VE_BILINMESI_GEREKENLER.txt","283","Float","0.8021","Accuracy: 0.8021 (80.21%)"
"JURI_SAVUNMA_VE_BILINMESI_GEREKENLER.txt","284","Float","0.8936","F1-score: 0.8936"
"JURI_SAVUNMA_VE_BILINMESI_GEREKENLER.txt","285","Float","0.84","Sensitivity: 0.84"
"JURI_SAVUNMA_VE_BILINMESI_GEREKENLER.txt","286","Float","0.8571","Specificity: 0.8571"
"JURI_SAVUNMA_VE_BILINMESI_GEREKENLER.txt","287","Float","0.0722","SD: 0.0722"
"JURI_SAVUNMA_VE_BILINMESI_GEREKENLER.txt","288","Float","0.8438","Seeds: 0.8438 / 0.7188 / 0.8438"
"JURI_SAVUNMA_VE_BILINMESI_GEREKENLER.txt","288","Float","0.7188","Seeds: 0.8438 / 0.7188 / 0.8438"
"JURI_SAVUNMA_VE_BILINMESI_GEREKENLER.txt","288","Float","0.8438","Seeds: 0.8438 / 0.7188 / 0.8438"
"JURI_SAVUNMA_VE_BILINMESI_GEREKENLER.txt","292","Percentage","%78.79","Naive (Out=3): %78.79"
"JURI_SAVUNMA_VE_BILINMESI_GEREKENLER.txt","293","Percentage","%80.21","MODEL NAIVE'I GECIYOR: %80.21 > %78.79"
"JURI_SAVUNMA_VE_BILINMESI_GEREKENLER.txt","293","Percentage","%78.79","MODEL NAIVE'I GECIYOR: %80.21 > %78.79"
"MAKALE_YAZIM_REHBERI.txt","36","Percentage","%80.21","- Anahtar bulgular: AMZ LSTM %80.21 Spec=0.857, CNN<LSTM MC"
"MAKALE_YAZIM_REHBERI.txt","36","Float","0.857","- Anahtar bulgular: AMZ LSTM %80.21 Spec=0.857, CNN<LSTM MC"
"MAKALE_YAZIM_REHBERI.txt","282","Float","0.5054","hist_tech   : Acc=0.5054 F1=0.4739 Sens=0.4426 Spec=0.6095 MC=0/9"
"MAKALE_YAZIM_REHBERI.txt","282","Float","0.4739","hist_tech   : Acc=0.5054 F1=0.4739 Sens=0.4426 Spec=0.6095 MC=0/9"
"MAKALE_YAZIM_REHBERI.txt","282","Float","0.4426","hist_tech   : Acc=0.5054 F1=0.4739 Sens=0.4426 Spec=0.6095 MC=0/9"
"MAKALE_YAZIM_REHBERI.txt","282","Float","0.6095","hist_tech   : Acc=0.5054 F1=0.4739 Sens=0.4426 Spec=0.6095 MC=0/9"
"MAKALE_YAZIM_REHBERI.txt","283","Float","0.5052","technical   : Acc=0.5052 F1=0.4827 Sens=0.4803 Spec=0.5841 MC=0/9"
"MAKALE_YAZIM_REHBERI.txt","283","Float","0.4827","technical   : Acc=0.5052 F1=0.4827 Sens=0.4803 Spec=0.5841 MC=0/9"
"MAKALE_YAZIM_REHBERI.txt","283","Float","0.4803","technical   : Acc=0.5052 F1=0.4827 Sens=0.4803 Spec=0.5841 MC=0/9"
"MAKALE_YAZIM_REHBERI.txt","283","Float","0.5841","technical   : Acc=0.5052 F1=0.4827 Sens=0.4803 Spec=0.5841 MC=0/9"
"MAKALE_YAZIM_REHBERI.txt","284","Float","0.4966","historical  : Acc=0.4966 F1=0.3138 Sens=0.1568 Spec=0.8784 MC=3/9"
"MAKALE_YAZIM_REHBERI.txt","284","Float","0.3138","historical  : Acc=0.4966 F1=0.3138 Sens=0.1568 Spec=0.8784 MC=3/9"
"MAKALE_YAZIM_REHBERI.txt","284","Float","0.1568","historical  : Acc=0.4966 F1=0.3138 Sens=0.1568 Spec=0.8784 MC=3/9"
"MAKALE_YAZIM_REHBERI.txt","284","Float","0.8784","historical  : Acc=0.4966 F1=0.3138 Sens=0.1568 Spec=0.8784 MC=3/9"
"MAKALE_YAZIM_REHBERI.txt","285","Float","0.5071","closing     : Acc=0.5071 F1=0.6817 Sens=0.7778 Spec=0.2222 MC=9/9"
"MAKALE_YAZIM_REHBERI.txt","285","Float","0.6817","closing     : Acc=0.5071 F1=0.6817 Sens=0.7778 Spec=0.2222 MC=9/9"
"MAKALE_YAZIM_REHBERI.txt","285","Float","0.7778","closing     : Acc=0.5071 F1=0.6817 Sens=0.7778 Spec=0.2222 MC=9/9"
"MAKALE_YAZIM_REHBERI.txt","285","Float","0.2222","closing     : Acc=0.5071 F1=0.6817 Sens=0.7778 Spec=0.2222 MC=9/9"
"MAKALE_YAZIM_REHBERI.txt","288","Float","0.4928","hist_tech   : Acc=0.4928 F1=0.4186 Sens=0.3843 Spec=0.6359 MC=0/9"
"MAKALE_YAZIM_REHBERI.txt","288","Float","0.4186","hist_tech   : Acc=0.4928 F1=0.4186 Sens=0.3843 Spec=0.6359 MC=0/9"
"MAKALE_YAZIM_REHBERI.txt","288","Float","0.3843","hist_tech   : Acc=0.4928 F1=0.4186 Sens=0.3843 Spec=0.6359 MC=0/9"
"MAKALE_YAZIM_REHBERI.txt","288","Float","0.6359","hist_tech   : Acc=0.4928 F1=0.4186 Sens=0.3843 Spec=0.6359 MC=0/9"
"MAKALE_YAZIM_REHBERI.txt","289","Float","0.4955","technical   : Acc=0.4955 F1=0.5249 Sens=0.5368 Spec=0.4948 MC=0/9"
"MAKALE_YAZIM_REHBERI.txt","289","Float","0.5249","technical   : Acc=0.4955 F1=0.5249 Sens=0.5368 Spec=0.4948 MC=0/9"
"MAKALE_YAZIM_REHBERI.txt","289","Float","0.5368","technical   : Acc=0.4955 F1=0.5249 Sens=0.5368 Spec=0.4948 MC=0/9"
"MAKALE_YAZIM_REHBERI.txt","289","Float","0.4948","technical   : Acc=0.4955 F1=0.5249 Sens=0.5368 Spec=0.4948 MC=0/9"
"MAKALE_YAZIM_REHBERI.txt","290","Float","0.4956","historical  : Acc=0.4956 F1=0.5113 Sens=0.5299 Spec=0.4956 MC=0/9"
"MAKALE_YAZIM_REHBERI.txt","290","Float","0.5113","historical  : Acc=0.4956 F1=0.5113 Sens=0.5299 Spec=0.4956 MC=0/9"
"MAKALE_YAZIM_REHBERI.txt","290","Float","0.5299","historical  : Acc=0.4956 F1=0.5113 Sens=0.5299 Spec=0.4956 MC=0/9"
"MAKALE_YAZIM_REHBERI.txt","290","Float","0.4956","historical  : Acc=0.4956 F1=0.5113 Sens=0.5299 Spec=0.4956 MC=0/9"
"MAKALE_YAZIM_REHBERI.txt","291","Float","0.4898","closing     : Acc=0.4898 F1=0.6828 Sens=0.2222 Spec=0.7778 MC=9/9"
"MAKALE_YAZIM_REHBERI.txt","291","Float","0.6828","closing     : Acc=0.4898 F1=0.6828 Sens=0.2222 Spec=0.7778 MC=9/9"
"MAKALE_YAZIM_REHBERI.txt","291","Float","0.2222","closing     : Acc=0.4898 F1=0.6828 Sens=0.2222 Spec=0.7778 MC=9/9"
"MAKALE_YAZIM_REHBERI.txt","291","Float","0.7778","closing     : Acc=0.4898 F1=0.6828 Sens=0.2222 Spec=0.7778 MC=9/9"
"MAKALE_YAZIM_REHBERI.txt","296","Percentage","%68.89","AZS LSTM: Best=68.89% (full,In=2,Out=5) F1=0.8444 Spec=0.6667 MC=13/27"
"MAKALE_YAZIM_REHBERI.txt","296","Float","0.8444","AZS LSTM: Best=68.89% (full,In=2,Out=5) F1=0.8444 Spec=0.6667 MC=13/27"
"MAKALE_YAZIM_REHBERI.txt","296","Float","0.6667","AZS LSTM: Best=68.89% (full,In=2,Out=5) F1=0.8444 Spec=0.6667 MC=13/27"
"MAKALE_YAZIM_REHBERI.txt","297","Percentage","%75.56","AZS CNN: Best=75.56% (technical,In=4,Out=3) F1=0.8889 Spec=0.625 MC=9/27"
"MAKALE_YAZIM_REHBERI.txt","297","Float","0.8889","AZS CNN: Best=75.56% (technical,In=4,Out=3) F1=0.8889 Spec=0.625 MC=9/27"
"MAKALE_YAZIM_REHBERI.txt","297","Float","0.625","AZS CNN: Best=75.56% (technical,In=4,Out=3) F1=0.8889 Spec=0.625 MC=9/27"
"MAKALE_YAZIM_REHBERI.txt","298","Percentage","%80.21","AMZ LSTM: Best=80.21% (full,In=2,Out=3) F1=0.8936 Spec=0.8571 MC=10/27"
"MAKALE_YAZIM_REHBERI.txt","298","Float","0.8936","AMZ LSTM: Best=80.21% (full,In=2,Out=3) F1=0.8936 Spec=0.8571 MC=10/27"
"MAKALE_YAZIM_REHBERI.txt","298","Float","0.8571","AMZ LSTM: Best=80.21% (full,In=2,Out=3) F1=0.8936 Spec=0.8571 MC=10/27"
"MAKALE_YAZIM_REHBERI.txt","299","Percentage","%74.36","AMZ CNN: Best=74.36% (closing,In=6,Out=5) F1=0.8571 Spec=0.3333 MC=9/27"
"MAKALE_YAZIM_REHBERI.txt","299","Float","0.8571","AMZ CNN: Best=74.36% (closing,In=6,Out=5) F1=0.8571 Spec=0.3333 MC=9/27"
"MAKALE_YAZIM_REHBERI.txt","299","Float","0.3333","AMZ CNN: Best=74.36% (closing,In=6,Out=5) F1=0.8571 Spec=0.3333 MC=9/27"
"GRAFIK_VE_MATRIS_REHBERI.txt","12","Percentage","%55","*   **Up_Actual (Gerçek Yükseliş Günleri):** ~71 gün (Dengesiz piyasa %55 yükseliş)"
"GRAFIK_VE_MATRIS_REHBERI.txt","32","Percentage","%67","*   **Tasarım:** Çift Barlı Sütun Grafik (Clustered Bar). Sütunlardan biri Koyu Lacivert (Accuracy %67), hemen yanındaki sütun Canlı Kırmızı (Specificity %0)."
"GRAFIK_VE_MATRIS_REHBERI.txt","33","Percentage","%67","*   **Mesaj:** ""Doğruluk %67 gibi dursa da model tek 1 tane bile düşüşü bilememiştir."""
"GRAFIK_VE_MATRIS_REHBERI.txt","39","Percentage","%81","*   **Mesaj:** Gri kesik çizgi (Naive Model) 5. günde %81'e fırlarken, bizim harika Lacivert kalın çizgili LSTM modelimiz %63'te sürünüyor. Kısa vadede derin öğrenme işe yarar ama orta vadede kaba momentum modelleri ezer!"
"GRAFIK_VE_MATRIS_REHBERI.txt","39","Percentage","%63","*   **Mesaj:** Gri kesik çizgi (Naive Model) 5. günde %81'e fırlarken, bizim harika Lacivert kalın çizgili LSTM modelimiz %63'te sürünüyor. Kısa vadede derin öğrenme işe yarar ama orta vadede kaba momentum modelleri ezer!"
"GRAFIK_VE_MATRIS_REHBERI.txt","42","Percentage","%80.21","*   **Amacı:** Makalemizin yıldız sonucu olan (Emeklilik AMZ LSTM %80.21 ve Spec %85.7) sonucunu kutlamak."
"GRAFIK_VE_MATRIS_REHBERI.txt","44","Percentage","%80","*   **Metrikler:** Accuracy, F1-Score, Sensitivity ve Specificity'nin dördü de %80'in üzerinde olduğu için grafik kusursuz bir simetri gösterecek."
